2026-04-02 08:03:33,439 - INFO - Request started - request_id=1775109813-c4917095 - method=POST - path=/auth/register - status=0 - duration=0.00ms
2026-04-02 08:03:33,658 - INFO - Request completed - request_id=1775109813-c4917095 - method=POST - path=/auth/register - status=200 - duration=218.77ms
2026-04-02 08:03:33,659 - INFO - Request started - request_id=1775109813-fae3865b - method=POST - path=/auth/login - status=0 - duration=0.00ms
2026-04-02 08:03:33,860 - INFO - Request completed - request_id=1775109813-fae3865b - method=POST - path=/auth/login - status=200 - duration=201.04ms
2026-04-02 08:03:33,861 - INFO - Request started - request_id=1775109813-0b2f861d - method=GET - path=/users/me - status=0 - duration=0.00ms
2026-04-02 08:03:33,864 - INFO - Request completed - request_id=1775109813-0b2f861d - method=GET - path=/users/me - status=200 - duration=3.16ms
2026-04-02 08:03:33,874 - INFO - Request started - request_id=1775109813-66041150 - method=POST - path=/auth/register - status=0 - duration=0.00ms
2026-04-02 08:03:34,078 - INFO - Request completed - request_id=1775109813-66041150 - method=POST - path=/auth/register - status=200 - duration=203.51ms
2026-04-02 08:03:34,079 - INFO - Request started - request_id=1775109814-64363dc7 - method=POST - path=/auth/login - status=0 - duration=0.00ms
2026-04-02 08:03:34,277 - INFO - Request completed - request_id=1775109814-64363dc7 - method=POST - path=/auth/login - status=200 - duration=198.59ms
2026-04-02 08:03:34,278 - INFO - Request started - request_id=1775109814-3bf97081 - method=POST - path=/me/meals/text - status=0 - duration=0.00ms
2026-04-02 08:03:34,286 - INFO - Request completed - request_id=1775109814-3bf97081 - method=POST - path=/me/meals/text - status=200 - duration=7.75ms
2026-04-02 08:03:34,287 - INFO - Request started - request_id=1775109814-f8ab8db0 - method=GET - path=/me/meals - status=0 - duration=0.00ms
2026-04-02 08:03:34,292 - INFO - Request completed - request_id=1775109814-f8ab8db0 - method=GET - path=/me/meals - status=200 - duration=4.58ms
2026-04-02 08:03:34,293 - INFO - Request started - request_id=1775109814-e3d48000 - method=GET - path=/me/summary - status=0 - duration=0.00ms
2026-04-02 08:03:34,296 - INFO - Request completed - request_id=1775109814-e3d48000 - method=GET - path=/me/summary - status=200 - duration=3.27ms
2026-04-02 08:03:34,297 - INFO - Request started - request_id=1775109814-c3235e9a - method=PUT - path=/me/meals/1 - status=0 - duration=0.00ms
2026-04-02 08:03:34,304 - INFO - Request completed - request_id=1775109814-c3235e9a - method=PUT - path=/me/meals/1 - status=200 - duration=6.67ms
2026-04-02 08:03:34,305 - INFO - Request started - request_id=1775109814-78e099eb - method=POST - path=/me/meals/1/reanalyze - status=0 - duration=0.00ms
2026-04-02 08:03:34,307 - INFO - Request completed - request_id=1775109814-78e099eb - method=POST - path=/me/meals/1/reanalyze - status=400 - duration=1.95ms
2026-04-02 08:03:34,308 - INFO - Request started - request_id=1775109814-ccb21686 - method=DELETE - path=/me/meals/1 - status=0 - duration=0.00ms
2026-04-02 08:03:34,310 - INFO - Request completed - request_id=1775109814-ccb21686 - method=DELETE - path=/me/meals/1 - status=204 - duration=2.70ms
2026-04-02 08:03:34,311 - INFO - Request started - request_id=1775109814-bc78af52 - method=GET - path=/me/meals - status=0 - duration=0.00ms
2026-04-02 08:03:34,314 - INFO - Request completed - request_id=1775109814-bc78af52 - method=GET - path=/me/meals - status=200 - duration=2.86ms
2026-04-02 08:03:34,322 - INFO - Request started - request_id=1775109814-70fad899 - method=POST - path=/auth/register - status=0 - duration=0.00ms
2026-04-02 08:03:34,528 - INFO - Request completed - request_id=1775109814-70fad899 - method=POST - path=/auth/register - status=200 - duration=205.53ms
2026-04-02 08:03:34,529 - INFO - Request started - request_id=1775109814-70a2532c - method=POST - path=/auth/login - status=0 - duration=0.00ms
2026-04-02 08:03:34,726 - INFO - Request completed - request_id=1775109814-70a2532c - method=POST - path=/auth/login - status=200 - duration=196.91ms
2026-04-02 08:03:34,727 - INFO - Request started - request_id=1775109814-b64b9de8 - method=POST - path=/me/meals - status=0 - duration=0.00ms
2026-04-02 08:03:34,732 - INFO - Request completed - request_id=1775109814-b64b9de8 - method=POST - path=/me/meals - status=200 - duration=5.52ms
2026-04-02 08:03:34,733 - INFO - Request started - request_id=1775109814-75118eb9 - method=POST - path=/me/meals/1/reanalyze - status=0 - duration=0.00ms
2026-04-02 08:03:34,737 - INFO - Request completed - request_id=1775109814-75118eb9 - method=POST - path=/me/meals/1/reanalyze - status=200 - duration=3.67ms
2026-04-02 08:03:34,745 - INFO - Request started - request_id=1775109814-34d9125c - method=POST - path=/auth/register - status=0 - duration=0.00ms
2026-04-02 08:03:34,945 - INFO - Request completed - request_id=1775109814-34d9125c - method=POST - path=/auth/register - status=200 - duration=199.86ms
2026-04-02 08:03:34,945 - INFO - Request started - request_id=1775109814-7cd2cf59 - method=POST - path=/auth/login - status=0 - duration=0.00ms
2026-04-02 08:03:35,152 - INFO - Request completed - request_id=1775109814-7cd2cf59 - method=POST - path=/auth/login - status=200 - duration=206.88ms
2026-04-02 08:03:35,153 - INFO - Request started - request_id=1775109815-6ed7043f - method=POST - path=/auth/register - status=0 - duration=0.00ms
2026-04-02 08:03:35,360 - INFO - Request completed - request_id=1775109815-6ed7043f - method=POST - path=/auth/register - status=200 - duration=206.13ms
2026-04-02 08:03:35,361 - INFO - Request started - request_id=1775109815-e8d580ef - method=POST - path=/auth/login - status=0 - duration=0.00ms
2026-04-02 08:03:35,565 - INFO - Request completed - request_id=1775109815-e8d580ef - method=POST - path=/auth/login - status=200 - duration=203.88ms
2026-04-02 08:03:35,566 - INFO - Request started - request_id=1775109815-66556bd0 - method=POST - path=/me/meals/text - status=0 - duration=0.00ms
2026-04-02 08:03:35,570 - INFO - Request completed - request_id=1775109815-66556bd0 - method=POST - path=/me/meals/text - status=200 - duration=4.31ms
2026-04-02 08:03:35,571 - INFO - Request started - request_id=1775109815-c71b9932 - method=DELETE - path=/me/meals/1 - status=0 - duration=0.00ms
2026-04-02 08:03:35,574 - INFO - Request completed - request_id=1775109815-c71b9932 - method=DELETE - path=/me/meals/1 - status=404 - duration=2.32ms
2026-04-02 08:03:35,581 - INFO - Request started - request_id=1775109815-5856ca4e - method=POST - path=/auth/register - status=0 - duration=0.00ms
2026-04-02 08:03:35,780 - INFO - Request completed - request_id=1775109815-5856ca4e - method=POST - path=/auth/register - status=200 - duration=198.75ms
2026-04-02 08:03:35,781 - INFO - Request started - request_id=1775109815-119b0831 - method=POST - path=/auth/login - status=0 - duration=0.00ms
2026-04-02 08:03:35,979 - INFO - Request completed - request_id=1775109815-119b0831 - method=POST - path=/auth/login - status=200 - duration=198.01ms
2026-04-02 08:03:35,980 - INFO - Request started - request_id=1775109815-862e468c - method=POST - path=/profile - status=0 - duration=0.00ms
2026-04-02 08:03:35,990 - INFO - Request completed - request_id=1775109815-862e468c - method=POST - path=/profile - status=201 - duration=10.00ms
2026-04-02 08:03:35,991 - INFO - Request started - request_id=1775109815-9bdc5081 - method=GET - path=/profile/targets - status=0 - duration=0.00ms
2026-04-02 08:03:35,994 - INFO - Request completed - request_id=1775109815-9bdc5081 - method=GET - path=/profile/targets - status=200 - duration=2.33ms
2026-04-02 08:03:35,995 - INFO - Request started - request_id=1775109815-9c9ec7e3 - method=PUT - path=/profile - status=0 - duration=0.00ms
2026-04-02 08:03:36,001 - INFO - Request completed - request_id=1775109815-9c9ec7e3 - method=PUT - path=/profile - status=200 - duration=5.89ms
2026-04-02 08:03:36,002 - INFO - Request started - request_id=1775109816-5b2fd65f - method=GET - path=/profile/targets - status=0 - duration=0.00ms
2026-04-02 08:03:36,003 - INFO - Request completed - request_id=1775109816-5b2fd65f - method=GET - path=/profile/targets - status=200 - duration=1.67ms
2026-04-02 08:03:36,011 - INFO - Request started - request_id=1775109816-91b3b012 - method=POST - path=/auth/register - status=0 - duration=0.00ms
2026-04-02 08:03:36,208 - INFO - Request completed - request_id=1775109816-91b3b012 - method=POST - path=/auth/register - status=200 - duration=197.57ms
2026-04-02 08:03:36,209 - INFO - Request started - request_id=1775109816-cd37083a - method=POST - path=/auth/login - status=0 - duration=0.00ms
2026-04-02 08:03:36,407 - INFO - Request completed - request_id=1775109816-cd37083a - method=POST - path=/auth/login - status=200 - duration=198.32ms
2026-04-02 08:03:36,409 - INFO - Request started - request_id=1775109816-926e2438 - method=POST - path=/profile - status=0 - duration=0.00ms
2026-04-02 08:03:36,414 - INFO - Request completed - request_id=1775109816-926e2438 - method=POST - path=/profile - status=201 - duration=5.24ms
2026-04-02 08:03:36,415 - INFO - Request started - request_id=1775109816-2bee4790 - method=PUT - path=/profile - status=0 - duration=0.00ms
2026-04-02 08:03:36,418 - INFO - Request completed - request_id=1775109816-2bee4790 - method=PUT - path=/profile - status=200 - duration=3.24ms
2026-04-02 08:03:36,419 - INFO - Request started - request_id=1775109816-ab947a32 - method=GET - path=/profile/targets - status=0 - duration=0.00ms
2026-04-02 08:03:36,421 - INFO - Request completed - request_id=1775109816-ab947a32 - method=GET - path=/profile/targets - status=404 - duration=1.74ms
2026-04-02 08:19:54,903 - INFO - Request started - request_id=1775110794-756592f2 - method=POST - path=/auth/register - status=0 - duration=0.00ms
2026-04-02 08:19:55,127 - INFO - Request completed - request_id=1775110794-756592f2 - method=POST - path=/auth/register - status=200 - duration=223.66ms
2026-04-02 08:19:55,128 - INFO - Request started - request_id=1775110795-017355b1 - method=POST - path=/auth/login - status=0 - duration=0.00ms
2026-04-02 08:19:55,331 - INFO - Request completed - request_id=1775110795-017355b1 - method=POST - path=/auth/login - status=200 - duration=202.78ms
2026-04-02 08:19:55,332 - INFO - Request started - request_id=1775110795-6ba1e6c6 - method=GET - path=/users/me - status=0 - duration=0.00ms
2026-04-02 08:19:55,336 - INFO - Request completed - request_id=1775110795-6ba1e6c6 - method=GET - path=/users/me - status=200 - duration=3.14ms
2026-04-02 08:19:55,346 - INFO - Request started - request_id=1775110795-feab2c25 - method=POST - path=/auth/register - status=0 - duration=0.00ms
2026-04-02 08:19:55,550 - INFO - Request completed - request_id=1775110795-feab2c25 - method=POST - path=/auth/register - status=200 - duration=204.13ms
2026-04-02 08:19:55,551 - INFO - Request started - request_id=1775110795-40593086 - method=POST - path=/auth/login - status=0 - duration=0.00ms
2026-04-02 08:19:55,764 - INFO - Request completed - request_id=1775110795-40593086 - method=POST - path=/auth/login - status=200 - duration=212.55ms
2026-04-02 08:19:55,766 - INFO - Request started - request_id=1775110795-f64f86ab - method=POST - path=/me/meals/text - status=0 - duration=0.00ms
2026-04-02 08:19:55,789 - INFO - Request completed - request_id=1775110795-f64f86ab - method=POST - path=/me/meals/text - status=200 - duration=21.82ms
2026-04-02 08:19:55,790 - INFO - Request started - request_id=1775110795-31330a98 - method=GET - path=/me/meals - status=0 - duration=0.00ms
2026-04-02 08:19:55,796 - INFO - Request completed - request_id=1775110795-31330a98 - method=GET - path=/me/meals - status=200 - duration=5.82ms
2026-04-02 08:19:55,797 - INFO - Request started - request_id=1775110795-6ba35777 - method=GET - path=/me/summary - status=0 - duration=0.00ms
2026-04-02 08:19:55,801 - INFO - Request completed - request_id=1775110795-6ba35777 - method=GET - path=/me/summary - status=200 - duration=4.12ms
2026-04-02 08:19:55,802 - INFO - Request started - request_id=1775110795-1059f554 - method=PUT - path=/me/meals/1 - status=0 - duration=0.00ms
2026-04-02 08:19:55,810 - INFO - Request completed - request_id=1775110795-1059f554 - method=PUT - path=/me/meals/1 - status=200 - duration=7.74ms
2026-04-02 08:19:55,812 - INFO - Request started - request_id=1775110795-c03e1475 - method=POST - path=/me/meals/1/reanalyze - status=0 - duration=0.00ms
2026-04-02 08:19:55,814 - INFO - Request completed - request_id=1775110795-c03e1475 - method=POST - path=/me/meals/1/reanalyze - status=400 - duration=2.72ms
2026-04-02 08:19:55,815 - INFO - Request started - request_id=1775110795-b00e0e8d - method=DELETE - path=/me/meals/1 - status=0 - duration=0.00ms
2026-04-02 08:19:55,819 - INFO - Request completed - request_id=1775110795-b00e0e8d - method=DELETE - path=/me/meals/1 - status=204 - duration=3.37ms
2026-04-02 08:19:55,820 - INFO - Request started - request_id=1775110795-e96d3a40 - method=GET - path=/me/meals - status=0 - duration=0.00ms
2026-04-02 08:19:55,824 - INFO - Request completed - request_id=1775110795-e96d3a40 - method=GET - path=/me/meals - status=200 - duration=3.70ms
2026-04-02 08:19:55,835 - INFO - Request started - request_id=1775110795-f45b4408 - method=POST - path=/auth/register - status=0 - duration=0.00ms
2026-04-02 08:19:56,041 - INFO - Request completed - request_id=1775110795-f45b4408 - method=POST - path=/auth/register - status=200 - duration=205.96ms
2026-04-02 08:19:56,042 - INFO - Request started - request_id=1775110796-5e4243fc - method=POST - path=/auth/login - status=0 - duration=0.00ms
2026-04-02 08:19:56,242 - INFO - Request completed - request_id=1775110796-5e4243fc - method=POST - path=/auth/login - status=200 - duration=199.97ms
2026-04-02 08:19:56,243 - INFO - Request started - request_id=1775110796-e26046c0 - method=POST - path=/me/meals - status=0 - duration=0.00ms
2026-04-02 08:19:56,250 - INFO - Request completed - request_id=1775110796-e26046c0 - method=POST - path=/me/meals - status=200 - duration=6.12ms
2026-04-02 08:19:56,251 - INFO - Request started - request_id=1775110796-81907e7f - method=POST - path=/me/meals/1/reanalyze - status=0 - duration=0.00ms
2026-04-02 08:19:56,256 - INFO - Request completed - request_id=1775110796-81907e7f - method=POST - path=/me/meals/1/reanalyze - status=200 - duration=4.80ms
2026-04-02 08:19:56,265 - INFO - Request started - request_id=1775110796-a491adb2 - method=POST - path=/auth/register - status=0 - duration=0.00ms
2026-04-02 08:19:56,471 - INFO - Request completed - request_id=1775110796-a491adb2 - method=POST - path=/auth/register - status=200 - duration=205.44ms
2026-04-02 08:19:56,472 - INFO - Request started - request_id=1775110796-ea554c8d - method=POST - path=/auth/login - status=0 - duration=0.00ms
2026-04-02 08:19:56,673 - INFO - Request completed - request_id=1775110796-ea554c8d - method=POST - path=/auth/login - status=200 - duration=200.87ms
2026-04-02 08:19:56,674 - INFO - Request started - request_id=1775110796-cfe9aba6 - method=POST - path=/auth/register - status=0 - duration=0.00ms
2026-04-02 08:19:56,877 - INFO - Request completed - request_id=1775110796-cfe9aba6 - method=POST - path=/auth/register - status=200 - duration=202.43ms
2026-04-02 08:19:56,878 - INFO - Request started - request_id=1775110796-2936bfbd - method=POST - path=/auth/login - status=0 - duration=0.00ms
2026-04-02 08:19:57,082 - INFO - Request completed - request_id=1775110796-2936bfbd - method=POST - path=/auth/login - status=200 - duration=203.71ms
2026-04-02 08:19:57,083 - INFO - Request started - request_id=1775110797-ee81cd2f - method=POST - path=/me/meals/text - status=0 - duration=0.00ms
2026-04-02 08:19:57,089 - INFO - Request completed - request_id=1775110797-ee81cd2f - method=POST - path=/me/meals/text - status=200 - duration=5.27ms
2026-04-02 08:19:57,090 - INFO - Request started - request_id=1775110797-3c1a7c95 - method=DELETE - path=/me/meals/1 - status=0 - duration=0.00ms
2026-04-02 08:19:57,093 - INFO - Request completed - request_id=1775110797-3c1a7c95 - method=DELETE - path=/me/meals/1 - status=404 - duration=2.75ms
2026-04-02 08:19:57,104 - INFO - Request started - request_id=1775110797-9ffa1492 - method=POST - path=/auth/register - status=0 - duration=0.00ms
2026-04-02 08:19:57,308 - INFO - Request completed - request_id=1775110797-9ffa1492 - method=POST - path=/auth/register - status=200 - duration=204.26ms
2026-04-02 08:19:57,309 - INFO - Request started - request_id=1775110797-58b082d0 - method=POST - path=/auth/login - status=0 - duration=0.00ms
2026-04-02 08:19:57,508 - INFO - Request completed - request_id=1775110797-58b082d0 - method=POST - path=/auth/login - status=200 - duration=198.85ms
2026-04-02 08:19:57,509 - INFO - Request started - request_id=1775110797-9ea290bd - method=POST - path=/profile - status=0 - duration=0.00ms
2026-04-02 08:19:57,519 - INFO - Request completed - request_id=1775110797-9ea290bd - method=POST - path=/profile - status=201 - duration=9.68ms
2026-04-02 08:19:57,520 - INFO - Request started - request_id=1775110797-1ccf3a40 - method=GET - path=/profile/targets - status=0 - duration=0.00ms
2026-04-02 08:19:57,522 - INFO - Request completed - request_id=1775110797-1ccf3a40 - method=GET - path=/profile/targets - status=200 - duration=1.86ms
2026-04-02 08:19:57,523 - INFO - Request started - request_id=1775110797-e2db1bce - method=PUT - path=/profile - status=0 - duration=0.00ms
2026-04-02 08:19:57,530 - INFO - Request completed - request_id=1775110797-e2db1bce - method=PUT - path=/profile - status=200 - duration=6.81ms
2026-04-02 08:19:57,531 - INFO - Request started - request_id=1775110797-6c3b5f57 - method=GET - path=/profile/targets - status=0 - duration=0.00ms
2026-04-02 08:19:57,534 - INFO - Request completed - request_id=1775110797-6c3b5f57 - method=GET - path=/profile/targets - status=200 - duration=2.69ms
2026-04-02 08:19:57,543 - INFO - Request started - request_id=1775110797-066229d5 - method=POST - path=/auth/register - status=0 - duration=0.00ms
2026-04-02 08:19:57,749 - INFO - Request completed - request_id=1775110797-066229d5 - method=POST - path=/auth/register - status=200 - duration=205.28ms
2026-04-02 08:19:57,750 - INFO - Request started - request_id=1775110797-99c9aece - method=POST - path=/auth/login - status=0 - duration=0.00ms
2026-04-02 08:19:57,949 - INFO - Request completed - request_id=1775110797-99c9aece - method=POST - path=/auth/login - status=200 - duration=199.58ms
2026-04-02 08:19:57,950 - INFO - Request started - request_id=1775110797-9cb18070 - method=POST - path=/profile - status=0 - duration=0.00ms
2026-04-02 08:19:57,956 - INFO - Request completed - request_id=1775110797-9cb18070 - method=POST - path=/profile - status=201 - duration=5.42ms
2026-04-02 08:19:57,957 - INFO - Request started - request_id=1775110797-8d3e71ba - method=PUT - path=/profile - status=0 - duration=0.00ms
2026-04-02 08:19:57,961 - INFO - Request completed - request_id=1775110797-8d3e71ba - method=PUT - path=/profile - status=200 - duration=3.56ms
2026-04-02 08:19:57,961 - INFO - Request started - request_id=1775110797-8be053b1 - method=GET - path=/profile/targets - status=0 - duration=0.00ms
2026-04-02 08:19:57,964 - INFO - Request completed - request_id=1775110797-8be053b1 - method=GET - path=/profile/targets - status=404 - duration=2.44ms
2026-04-02 19:00:13,678 - INFO - Request started - request_id=1775149213-07d68f79 - method=POST - path=/auth/register - status=0 - duration=0.00ms
2026-04-02 19:00:13,885 - INFO - Request completed - request_id=1775149213-07d68f79 - method=POST - path=/auth/register - status=200 - duration=207.23ms
2026-04-02 19:00:13,886 - INFO - Request started - request_id=1775149213-ab83115d - method=POST - path=/auth/login - status=0 - duration=0.00ms
2026-04-02 19:00:14,076 - INFO - Request completed - request_id=1775149213-ab83115d - method=POST - path=/auth/login - status=200 - duration=189.69ms
2026-04-02 19:00:14,077 - INFO - Request started - request_id=1775149214-7a254229 - method=GET - path=/users/me - status=0 - duration=0.00ms
2026-04-02 19:00:14,079 - INFO - Request completed - request_id=1775149214-7a254229 - method=GET - path=/users/me - status=200 - duration=2.17ms
2026-04-02 19:00:14,086 - INFO - Request started - request_id=1775149214-9da0fcd3 - method=POST - path=/auth/register - status=0 - duration=0.00ms
2026-04-02 19:00:14,280 - INFO - Request completed - request_id=1775149214-9da0fcd3 - method=POST - path=/auth/register - status=200 - duration=193.29ms
2026-04-02 19:00:14,281 - INFO - Request started - request_id=1775149214-312bf99b - method=POST - path=/auth/login - status=0 - duration=0.00ms
2026-04-02 19:00:14,470 - INFO - Request completed - request_id=1775149214-312bf99b - method=POST - path=/auth/login - status=200 - duration=188.92ms
2026-04-02 19:00:14,471 - INFO - Request started - request_id=1775149214-4a09a913 - method=POST - path=/me/meals/text - status=0 - duration=0.00ms
2026-04-02 19:00:14,479 - INFO - Request completed - request_id=1775149214-4a09a913 - method=POST - path=/me/meals/text - status=200 - duration=7.59ms
2026-04-02 19:00:14,480 - INFO - Request started - request_id=1775149214-970f6870 - method=GET - path=/me/meals - status=0 - duration=0.00ms
2026-04-02 19:00:14,484 - INFO - Request completed - request_id=1775149214-970f6870 - method=GET - path=/me/meals - status=200 - duration=4.15ms
2026-04-02 19:00:14,485 - INFO - Request started - request_id=1775149214-cd72153c - method=GET - path=/me/summary - status=0 - duration=0.00ms
2026-04-02 19:00:14,488 - INFO - Request completed - request_id=1775149214-cd72153c - method=GET - path=/me/summary - status=200 - duration=2.92ms
2026-04-02 19:00:14,488 - INFO - Request started - request_id=1775149214-18f0fdac - method=PUT - path=/me/meals/1 - status=0 - duration=0.00ms
2026-04-02 19:00:14,494 - INFO - Request completed - request_id=1775149214-18f0fdac - method=PUT - path=/me/meals/1 - status=200 - duration=5.29ms
2026-04-02 19:00:14,494 - INFO - Request started - request_id=1775149214-d2a8fe5a - method=POST - path=/me/meals/1/reanalyze - status=0 - duration=0.00ms
2026-04-02 19:00:14,496 - INFO - Request completed - request_id=1775149214-d2a8fe5a - method=POST - path=/me/meals/1/reanalyze - status=400 - duration=1.69ms
2026-04-02 19:00:14,497 - INFO - Request started - request_id=1775149214-a9a84023 - method=DELETE - path=/me/meals/1 - status=0 - duration=0.00ms
2026-04-02 19:00:14,499 - INFO - Request completed - request_id=1775149214-a9a84023 - method=DELETE - path=/me/meals/1 - status=204 - duration=2.18ms
2026-04-02 19:00:14,500 - INFO - Request started - request_id=1775149214-0963f5de - method=GET - path=/me/meals - status=0 - duration=0.00ms
2026-04-02 19:00:14,502 - INFO - Request completed - request_id=1775149214-0963f5de - method=GET - path=/me/meals - status=200 - duration=2.22ms
2026-04-02 19:00:14,508 - INFO - Request started - request_id=1775149214-0be77f92 - method=POST - path=/auth/register - status=0 - duration=0.00ms
2026-04-02 19:00:14,713 - INFO - Request completed - request_id=1775149214-0be77f92 - method=POST - path=/auth/register - status=200 - duration=204.57ms
2026-04-02 19:00:14,714 - INFO - Request started - request_id=1775149214-1f9377c1 - method=POST - path=/auth/login - status=0 - duration=0.00ms
2026-04-02 19:00:14,916 - INFO - Request completed - request_id=1775149214-1f9377c1 - method=POST - path=/auth/login - status=200 - duration=201.62ms
2026-04-02 19:00:14,917 - INFO - Request started - request_id=1775149214-97abaa7d - method=POST - path=/me/meals - status=0 - duration=0.00ms
2026-04-02 19:00:14,923 - INFO - Request completed - request_id=1775149214-97abaa7d - method=POST - path=/me/meals - status=200 - duration=6.06ms
2026-04-02 19:00:14,924 - INFO - Request started - request_id=1775149214-a9dec34b - method=POST - path=/me/meals/1/reanalyze - status=0 - duration=0.00ms
2026-04-02 19:00:14,928 - INFO - Request completed - request_id=1775149214-a9dec34b - method=POST - path=/me/meals/1/reanalyze - status=200 - duration=4.27ms
2026-04-02 19:00:14,936 - INFO - Request started - request_id=1775149214-384022f9 - method=POST - path=/auth/register - status=0 - duration=0.00ms
2026-04-02 19:00:15,138 - INFO - Request completed - request_id=1775149214-384022f9 - method=POST - path=/auth/register - status=200 - duration=201.30ms
2026-04-02 19:00:15,139 - INFO - Request started - request_id=1775149215-66fe2bd0 - method=POST - path=/auth/login - status=0 - duration=0.00ms
2026-04-02 19:00:15,337 - INFO - Request completed - request_id=1775149215-66fe2bd0 - method=POST - path=/auth/login - status=200 - duration=197.81ms
2026-04-02 19:00:15,338 - INFO - Request started - request_id=1775149215-999a06a4 - method=POST - path=/auth/register - status=0 - duration=0.00ms
2026-04-02 19:00:15,537 - INFO - Request completed - request_id=1775149215-999a06a4 - method=POST - path=/auth/register - status=200 - duration=198.79ms
2026-04-02 19:00:15,538 - INFO - Request started - request_id=1775149215-0a8029ca - method=POST - path=/auth/login - status=0 - duration=0.00ms
2026-04-02 19:00:15,733 - INFO - Request completed - request_id=1775149215-0a8029ca - method=POST - path=/auth/login - status=200 - duration=195.23ms
2026-04-02 19:00:15,734 - INFO - Request started - request_id=1775149215-57665eb8 - method=POST - path=/me/meals/text - status=0 - duration=0.00ms
2026-04-02 19:00:15,738 - INFO - Request completed - request_id=1775149215-57665eb8 - method=POST - path=/me/meals/text - status=200 - duration=4.12ms
2026-04-02 19:00:15,739 - INFO - Request started - request_id=1775149215-494e423f - method=DELETE - path=/me/meals/1 - status=0 - duration=0.00ms
2026-04-02 19:00:15,742 - INFO - Request completed - request_id=1775149215-494e423f - method=DELETE - path=/me/meals/1 - status=404 - duration=2.43ms
2026-04-02 19:00:15,749 - INFO - Request started - request_id=1775149215-b4244378 - method=POST - path=/auth/register - status=0 - duration=0.00ms
2026-04-02 19:00:15,946 - INFO - Request completed - request_id=1775149215-b4244378 - method=POST - path=/auth/register - status=200 - duration=196.45ms
2026-04-02 19:00:15,947 - INFO - Request started - request_id=1775149215-4c0f96b3 - method=POST - path=/auth/login - status=0 - duration=0.00ms
2026-04-02 19:00:16,135 - INFO - Request completed - request_id=1775149215-4c0f96b3 - method=POST - path=/auth/login - status=200 - duration=187.88ms
2026-04-02 19:00:16,136 - INFO - Request started - request_id=1775149216-47fa8a3c - method=POST - path=/profile - status=0 - duration=0.00ms
2026-04-02 19:00:16,145 - INFO - Request completed - request_id=1775149216-47fa8a3c - method=POST - path=/profile - status=201 - duration=9.34ms
2026-04-02 19:00:16,146 - INFO - Request started - request_id=1775149216-847e31d3 - method=GET - path=/profile/targets - status=0 - duration=0.00ms
2026-04-02 19:00:16,148 - INFO - Request completed - request_id=1775149216-847e31d3 - method=GET - path=/profile/targets - status=200 - duration=1.52ms
2026-04-02 19:00:16,148 - INFO - Request started - request_id=1775149216-60a6ab30 - method=PUT - path=/profile - status=0 - duration=0.00ms
2026-04-02 19:00:16,153 - INFO - Request completed - request_id=1775149216-60a6ab30 - method=PUT - path=/profile - status=200 - duration=4.44ms
2026-04-02 19:00:16,154 - INFO - Request started - request_id=1775149216-f0f5a794 - method=GET - path=/profile/targets - status=0 - duration=0.00ms
2026-04-02 19:00:16,155 - INFO - Request completed - request_id=1775149216-f0f5a794 - method=GET - path=/profile/targets - status=200 - duration=1.47ms
2026-04-02 19:00:16,162 - INFO - Request started - request_id=1775149216-514da02a - method=POST - path=/auth/register - status=0 - duration=0.00ms
2026-04-02 19:00:16,366 - INFO - Request completed - request_id=1775149216-514da02a - method=POST - path=/auth/register - status=200 - duration=204.35ms
2026-04-02 19:00:16,367 - INFO - Request started - request_id=1775149216-caf1caf3 - method=POST - path=/auth/login - status=0 - duration=0.00ms
2026-04-02 19:00:16,555 - INFO - Request completed - request_id=1775149216-caf1caf3 - method=POST - path=/auth/login - status=200 - duration=187.85ms
2026-04-02 19:00:16,556 - INFO - Request started - request_id=1775149216-14260912 - method=POST - path=/profile - status=0 - duration=0.00ms
2026-04-02 19:00:16,561 - INFO - Request completed - request_id=1775149216-14260912 - method=POST - path=/profile - status=201 - duration=5.12ms
2026-04-02 19:00:16,562 - INFO - Request started - request_id=1775149216-22696d6d - method=PUT - path=/profile - status=0 - duration=0.00ms
2026-04-02 19:00:16,565 - INFO - Request completed - request_id=1775149216-22696d6d - method=PUT - path=/profile - status=200 - duration=2.59ms
2026-04-02 19:00:16,566 - INFO - Request started - request_id=1775149216-94df5732 - method=GET - path=/profile/targets - status=0 - duration=0.00ms
2026-04-02 19:00:16,567 - INFO - Request completed - request_id=1775149216-94df5732 - method=GET - path=/profile/targets - status=404 - duration=1.46ms
2026-04-02 19:02:11,130 - INFO - Request started - request_id=1775149331-ca832afe - method=OPTIONS - path=/auth/register - status=0 - duration=0.00ms
2026-04-02 19:02:11,130 - INFO - Request completed - request_id=1775149331-ca832afe - method=OPTIONS - path=/auth/register - status=200 - duration=0.20ms
2026-04-02 19:02:11,131 - INFO - Request started - request_id=1775149331-b9ad7d79 - method=POST - path=/auth/register - status=0 - duration=0.00ms
2026-04-02 19:02:11,338 - INFO - Request completed - request_id=1775149331-b9ad7d79 - method=POST - path=/auth/register - status=200 - duration=206.29ms
2026-04-02 19:02:15,689 - INFO - Request started - request_id=1775149335-915c32e5 - method=OPTIONS - path=/auth/login - status=0 - duration=0.00ms
2026-04-02 19:02:15,690 - INFO - Request completed - request_id=1775149335-915c32e5 - method=OPTIONS - path=/auth/login - status=200 - duration=0.20ms
2026-04-02 19:02:15,691 - INFO - Request started - request_id=1775149335-289574c4 - method=POST - path=/auth/login - status=0 - duration=0.00ms
2026-04-02 19:02:15,892 - INFO - Request completed - request_id=1775149335-289574c4 - method=POST - path=/auth/login - status=401 - duration=201.40ms
2026-04-02 19:02:19,230 - INFO - Request started - request_id=1775149339-55a0364f - method=POST - path=/auth/login - status=0 - duration=0.00ms
2026-04-02 19:02:19,423 - INFO - Request completed - request_id=1775149339-55a0364f - method=POST - path=/auth/login - status=200 - duration=192.74ms
2026-04-02 19:02:22,343 - INFO - Request started - request_id=1775149342-25160dd5 - method=OPTIONS - path=/users/me - status=0 - duration=0.00ms
2026-04-02 19:02:22,343 - INFO - Request completed - request_id=1775149342-25160dd5 - method=OPTIONS - path=/users/me - status=200 - duration=0.17ms
2026-04-02 19:02:22,345 - INFO - Request started - request_id=1775149342-0f01a831 - method=GET - path=/users/me - status=0 - duration=0.00ms
2026-04-02 19:02:22,349 - INFO - Request completed - request_id=1775149342-0f01a831 - method=GET - path=/users/me - status=200 - duration=3.44ms
2026-04-02 19:02:22,351 - INFO - Request started - request_id=1775149342-1d66f290 - method=OPTIONS - path=/me/meals - status=0 - duration=0.00ms
2026-04-02 19:02:22,352 - INFO - Request completed - request_id=1775149342-1d66f290 - method=OPTIONS - path=/me/meals - status=200 - duration=0.27ms
2026-04-02 19:02:22,353 - INFO - Request started - request_id=1775149342-5de8e16e - method=GET - path=/me/meals - status=0 - duration=0.00ms
2026-04-02 19:02:22,359 - INFO - Request completed - request_id=1775149342-5de8e16e - method=GET - path=/me/meals - status=200 - duration=5.77ms
2026-04-02 19:02:31,657 - INFO - Request started - request_id=1775149351-e0442b84 - method=GET - path=/users/me - status=0 - duration=0.00ms
2026-04-02 19:02:31,660 - INFO - Request completed - request_id=1775149351-e0442b84 - method=GET - path=/users/me - status=200 - duration=2.77ms
2026-04-02 19:02:31,667 - INFO - Request started - request_id=1775149351-4977cc29 - method=OPTIONS - path=/me/meals - status=0 - duration=0.00ms
2026-04-02 19:02:31,667 - INFO - Request completed - request_id=1775149351-4977cc29 - method=OPTIONS - path=/me/meals - status=200 - duration=0.18ms
2026-04-02 19:02:31,669 - INFO - Request started - request_id=1775149351-23f5e42b - method=GET - path=/me/meals - status=0 - duration=0.00ms
2026-04-02 19:02:31,673 - INFO - Request completed - request_id=1775149351-23f5e42b - method=GET - path=/me/meals - status=200 - duration=4.14ms
2026-04-02 19:02:49,807 - INFO - Request started - request_id=1775149369-fdac1a51 - method=GET - path=/users/me - status=0 - duration=0.00ms
2026-04-02 19:02:49,810 - INFO - Request completed - request_id=1775149369-fdac1a51 - method=GET - path=/users/me - status=200 - duration=2.75ms
2026-04-02 19:02:49,813 - INFO - Request started - request_id=1775149369-755e8ba9 - method=GET - path=/me/meals - status=0 - duration=0.00ms
2026-04-02 19:02:49,816 - INFO - Request completed - request_id=1775149369-755e8ba9 - method=GET - path=/me/meals - status=200 - duration=3.33ms
2026-04-02 19:04:32,186 - INFO - Request started - request_id=1775149472-b830945b - method=GET - path=/health - status=0 - duration=0.00ms
2026-04-02 19:04:32,188 - INFO - Request completed - request_id=1775149472-b830945b - method=GET - path=/health - status=200 - duration=1.14ms
2026-04-02 19:06:15,374 - INFO - Request started - request_id=1775149575-3e39e898 - method=OPTIONS - path=/auth/login - status=0 - duration=0.00ms
2026-04-02 19:06:15,375 - INFO - Request completed - request_id=1775149575-3e39e898 - method=OPTIONS - path=/auth/login - status=200 - duration=0.32ms
2026-04-02 19:06:15,377 - INFO - Request started - request_id=1775149575-789307fc - method=POST - path=/auth/login - status=0 - duration=0.00ms
2026-04-02 19:06:15,579 - INFO - Request completed - request_id=1775149575-789307fc - method=POST - path=/auth/login - status=200 - duration=201.37ms
2026-04-02 19:06:15,601 - INFO - Request started - request_id=1775149575-e33de087 - method=OPTIONS - path=/users/me - status=0 - duration=0.00ms
2026-04-02 19:06:15,601 - INFO - Request completed - request_id=1775149575-e33de087 - method=OPTIONS - path=/users/me - status=200 - duration=0.17ms
2026-04-02 19:06:15,602 - INFO - Request started - request_id=1775149575-65ddfb3a - method=GET - path=/users/me - status=0 - duration=0.00ms
2026-04-02 19:06:15,604 - INFO - Request completed - request_id=1775149575-65ddfb3a - method=GET - path=/users/me - status=200 - duration=1.84ms
2026-04-02 19:06:15,606 - INFO - Request started - request_id=1775149575-d0bc6389 - method=OPTIONS - path=/me/meals - status=0 - duration=0.00ms
2026-04-02 19:06:15,606 - INFO - Request completed - request_id=1775149575-d0bc6389 - method=OPTIONS - path=/me/meals - status=200 - duration=0.19ms
2026-04-02 19:06:15,608 - INFO - Request started - request_id=1775149575-43cfae0b - method=GET - path=/me/meals - status=0 - duration=0.00ms
2026-04-02 19:06:15,613 - INFO - Request completed - request_id=1775149575-43cfae0b - method=GET - path=/me/meals - status=200 - duration=5.43ms
2026-04-02 19:06:15,651 - INFO - Request started - request_id=1775149575-36f10e4a - method=GET - path=/users/me - status=0 - duration=0.00ms
2026-04-02 19:06:15,653 - INFO - Request completed - request_id=1775149575-36f10e4a - method=GET - path=/users/me - status=200 - duration=1.81ms
2026-04-02 19:06:15,655 - INFO - Request started - request_id=1775149575-3c050179 - method=OPTIONS - path=/me/meals - status=0 - duration=0.00ms
2026-04-02 19:06:15,656 - INFO - Request completed - request_id=1775149575-3c050179 - method=OPTIONS - path=/me/meals - status=200 - duration=0.17ms
2026-04-02 19:06:15,657 - INFO - Request started - request_id=1775149575-54327ae4 - method=GET - path=/me/meals - status=0 - duration=0.00ms
2026-04-02 19:06:15,660 - INFO - Request completed - request_id=1775149575-54327ae4 - method=GET - path=/me/meals - status=200 - duration=3.35ms
2026-04-02 19:06:15,689 - INFO - Request started - request_id=1775149575-aab8da74 - method=GET - path=/users/me - status=0 - duration=0.00ms
2026-04-02 19:06:15,692 - INFO - Request completed - request_id=1775149575-aab8da74 - method=GET - path=/users/me - status=200 - duration=2.42ms
2026-04-02 19:06:15,695 - INFO - Request started - request_id=1775149575-f072ce52 - method=OPTIONS - path=/profile/targets - status=0 - duration=0.00ms
2026-04-02 19:06:15,696 - INFO - Request completed - request_id=1775149575-f072ce52 - method=OPTIONS - path=/profile/targets - status=200 - duration=0.17ms
2026-04-02 19:06:15,696 - INFO - Request started - request_id=1775149575-0e07bdfb - method=OPTIONS - path=/me/summary - status=0 - duration=0.00ms
2026-04-02 19:06:15,696 - INFO - Request completed - request_id=1775149575-0e07bdfb - method=OPTIONS - path=/me/summary - status=200 - duration=0.16ms
2026-04-02 19:06:15,696 - INFO - Request started - request_id=1775149575-23a12647 - method=OPTIONS - path=/me/meals - status=0 - duration=0.00ms
2026-04-02 19:06:15,697 - INFO - Request completed - request_id=1775149575-23a12647 - method=OPTIONS - path=/me/meals - status=200 - duration=0.18ms
2026-04-02 19:06:15,698 - INFO - Request started - request_id=1775149575-944181a7 - method=GET - path=/me/summary - status=0 - duration=0.00ms
2026-04-02 19:06:15,698 - INFO - Request started - request_id=1775149575-44766030 - method=GET - path=/profile/targets - status=0 - duration=0.00ms
2026-04-02 19:06:15,699 - INFO - Request started - request_id=1775149575-ac216236 - method=GET - path=/me/meals - status=0 - duration=0.00ms
2026-04-02 19:06:15,740 - INFO - Request started - request_id=1775149575-8a259d69 - method=GET - path=/users/me - status=0 - duration=0.00ms
2026-04-02 19:06:15,744 - INFO - Request completed - request_id=1775149575-8a259d69 - method=GET - path=/users/me - status=0 - duration=0.00ms
2026-04-02 19:06:15,749 - INFO - Request completed - request_id=1775149575-8a259d69 - method=GET - path=/users/me - status=200 - duration=8.41ms
2026-04-02 19:06:15,750 - INFO - Request completed - request_id=1775149575-ac216236 - method=GET - path=/me/meals - status=0 - duration=0.00ms
2026-04-02 19:06:15,750 - INFO - Request completed - request_id=1775149575-ac216236 - method=GET - path=/me/meals - status=200 - duration=51.58ms
2026-04-02 19:06:15,751 - INFO - Request started - request_id=1775149575-dd607ff5 - method=OPTIONS - path=/profile - status=0 - duration=0.00ms
2026-04-02 19:06:15,751 - INFO - Request completed - request_id=1775149575-dd607ff5 - method=OPTIONS - path=/profile - status=200 - duration=0.16ms
2026-04-02 19:06:15,753 - INFO - Request started - request_id=1775149575-6e132551 - method=GET - path=/profile - status=0 - duration=0.00ms
2026-04-02 19:06:15,755 - INFO - Request completed - request_id=1775149575-6e132551 - method=GET - path=/profile - status=404 - duration=2.07ms
2026-04-02 19:06:15,950 - INFO - Request started - request_id=1775149575-9ae3bfe1 - method=OPTIONS - path=/auth/login - status=0 - duration=0.00ms
2026-04-02 19:06:15,951 - INFO - Request completed - request_id=1775149575-9ae3bfe1 - method=OPTIONS - path=/auth/login - status=200 - duration=0.14ms
2026-04-02 19:06:15,952 - INFO - Request started - request_id=1775149575-5a3bdb43 - method=POST - path=/auth/login - status=0 - duration=0.00ms
2026-04-02 19:06:16,152 - INFO - Request completed - request_id=1775149575-5a3bdb43 - method=POST - path=/auth/login - status=200 - duration=200.44ms
2026-04-02 19:06:16,171 - INFO - Request started - request_id=1775149576-5b2a3a87 - method=OPTIONS - path=/users/me - status=0 - duration=0.00ms
2026-04-02 19:06:16,172 - INFO - Request completed - request_id=1775149576-5b2a3a87 - method=OPTIONS - path=/users/me - status=200 - duration=0.17ms
2026-04-02 19:06:16,173 - INFO - Request started - request_id=1775149576-9436a1fc - method=GET - path=/users/me - status=0 - duration=0.00ms
2026-04-02 19:06:16,175 - INFO - Request completed - request_id=1775149576-9436a1fc - method=GET - path=/users/me - status=200 - duration=2.08ms
2026-04-02 19:06:16,179 - INFO - Request started - request_id=1775149576-8b7b7e81 - method=OPTIONS - path=/me/meals - status=0 - duration=0.00ms
2026-04-02 19:06:16,180 - INFO - Request completed - request_id=1775149576-8b7b7e81 - method=OPTIONS - path=/me/meals - status=200 - duration=0.19ms
2026-04-02 19:06:16,181 - INFO - Request started - request_id=1775149576-4c2346d5 - method=GET - path=/me/meals - status=0 - duration=0.00ms
2026-04-02 19:06:16,184 - INFO - Request completed - request_id=1775149576-4c2346d5 - method=GET - path=/me/meals - status=200 - duration=3.11ms
2026-04-02 19:06:16,206 - INFO - Request started - request_id=1775149576-e917b991 - method=GET - path=/users/me - status=0 - duration=0.00ms
2026-04-02 19:06:16,209 - INFO - Request completed - request_id=1775149576-e917b991 - method=GET - path=/users/me - status=200 - duration=2.80ms
2026-04-02 19:06:16,212 - INFO - Request started - request_id=1775149576-4ad0d417 - method=OPTIONS - path=/profile - status=0 - duration=0.00ms
2026-04-02 19:06:16,213 - INFO - Request completed - request_id=1775149576-4ad0d417 - method=OPTIONS - path=/profile - status=200 - duration=0.27ms
2026-04-02 19:06:16,214 - INFO - Request started - request_id=1775149576-e948f817 - method=GET - path=/profile - status=0 - duration=0.00ms
2026-04-02 19:06:16,217 - INFO - Request completed - request_id=1775149576-e948f817 - method=GET - path=/profile - status=404 - duration=2.63ms
2026-04-02 19:06:16,348 - INFO - Request started - request_id=1775149576-7245a235 - method=OPTIONS - path=/profile - status=0 - duration=0.00ms
2026-04-02 19:06:16,349 - INFO - Request completed - request_id=1775149576-7245a235 - method=OPTIONS - path=/profile - status=200 - duration=0.18ms
2026-04-02 19:06:16,350 - INFO - Request started - request_id=1775149576-2c7a7fb9 - method=POST - path=/profile - status=0 - duration=0.00ms
2026-04-02 19:06:16,370 - INFO - Request completed - request_id=1775149576-2c7a7fb9 - method=POST - path=/profile - status=201 - duration=19.19ms
2026-04-02 19:06:16,372 - INFO - Request started - request_id=1775149576-c32cb573 - method=OPTIONS - path=/profile/targets - status=0 - duration=0.00ms
2026-04-02 19:06:16,373 - INFO - Request completed - request_id=1775149576-c32cb573 - method=OPTIONS - path=/profile/targets - status=200 - duration=0.52ms
2026-04-02 19:06:16,375 - INFO - Request started - request_id=1775149576-f4874b0f - method=GET - path=/profile/targets - status=0 - duration=0.00ms
2026-04-02 19:06:16,378 - INFO - Request completed - request_id=1775149576-f4874b0f - method=GET - path=/profile/targets - status=200 - duration=3.13ms
2026-04-02 19:06:16,698 - INFO - Request started - request_id=1775149576-d19d62f8 - method=OPTIONS - path=/auth/login - status=0 - duration=0.00ms
2026-04-02 19:06:16,698 - INFO - Request completed - request_id=1775149576-d19d62f8 - method=OPTIONS - path=/auth/login - status=200 - duration=0.16ms
2026-04-02 19:06:16,699 - INFO - Request started - request_id=1775149576-6d9e1fbd - method=POST - path=/auth/login - status=0 - duration=0.00ms
2026-04-02 19:06:16,900 - INFO - Request completed - request_id=1775149576-6d9e1fbd - method=POST - path=/auth/login - status=200 - duration=200.47ms
2026-04-02 19:06:16,925 - INFO - Request started - request_id=1775149576-79f6e040 - method=OPTIONS - path=/users/me - status=0 - duration=0.00ms
2026-04-02 19:06:16,925 - INFO - Request completed - request_id=1775149576-79f6e040 - method=OPTIONS - path=/users/me - status=200 - duration=0.19ms
2026-04-02 19:06:16,927 - INFO - Request started - request_id=1775149576-6a8f0bd8 - method=GET - path=/users/me - status=0 - duration=0.00ms
2026-04-02 19:06:16,930 - INFO - Request completed - request_id=1775149576-6a8f0bd8 - method=GET - path=/users/me - status=200 - duration=2.90ms
2026-04-02 19:06:16,933 - INFO - Request started - request_id=1775149576-6dcb2c2d - method=OPTIONS - path=/me/meals - status=0 - duration=0.00ms
2026-04-02 19:06:16,934 - INFO - Request completed - request_id=1775149576-6dcb2c2d - method=OPTIONS - path=/me/meals - status=200 - duration=0.22ms
2026-04-02 19:06:16,935 - INFO - Request started - request_id=1775149576-d1d8c155 - method=GET - path=/me/meals - status=0 - duration=0.00ms
2026-04-02 19:06:16,938 - INFO - Request completed - request_id=1775149576-d1d8c155 - method=GET - path=/me/meals - status=200 - duration=2.98ms
2026-04-02 19:06:17,816 - INFO - Request started - request_id=1775149577-08b521fc - method=OPTIONS - path=/auth/login - status=0 - duration=0.00ms
2026-04-02 19:06:17,816 - INFO - Request completed - request_id=1775149577-08b521fc - method=OPTIONS - path=/auth/login - status=200 - duration=0.16ms
2026-04-02 19:06:17,818 - INFO - Request started - request_id=1775149577-ef1db21f - method=POST - path=/auth/login - status=0 - duration=0.00ms
2026-04-02 19:06:18,018 - INFO - Request completed - request_id=1775149577-ef1db21f - method=POST - path=/auth/login - status=200 - duration=199.89ms
2026-04-02 19:06:18,040 - INFO - Request started - request_id=1775149578-ce91e547 - method=OPTIONS - path=/users/me - status=0 - duration=0.00ms
2026-04-02 19:06:18,041 - INFO - Request completed - request_id=1775149578-ce91e547 - method=OPTIONS - path=/users/me - status=200 - duration=0.27ms
2026-04-02 19:06:18,042 - INFO - Request started - request_id=1775149578-3b86a8f8 - method=GET - path=/users/me - status=0 - duration=0.00ms
2026-04-02 19:06:18,044 - INFO - Request completed - request_id=1775149578-3b86a8f8 - method=GET - path=/users/me - status=200 - duration=2.36ms
2026-04-02 19:06:18,050 - INFO - Request started - request_id=1775149578-ef639ea1 - method=OPTIONS - path=/me/meals - status=0 - duration=0.00ms
2026-04-02 19:06:18,050 - INFO - Request completed - request_id=1775149578-ef639ea1 - method=OPTIONS - path=/me/meals - status=200 - duration=0.17ms
2026-04-02 19:06:18,051 - INFO - Request started - request_id=1775149578-860c7965 - method=GET - path=/me/meals - status=0 - duration=0.00ms
2026-04-02 19:06:18,054 - INFO - Request completed - request_id=1775149578-860c7965 - method=GET - path=/me/meals - status=200 - duration=3.18ms
2026-04-02 19:06:18,083 - INFO - Request started - request_id=1775149578-b08b6712 - method=GET - path=/users/me - status=0 - duration=0.00ms
2026-04-02 19:06:18,085 - INFO - Request completed - request_id=1775149578-b08b6712 - method=GET - path=/users/me - status=200 - duration=1.93ms
2026-04-02 19:06:18,087 - INFO - Request started - request_id=1775149578-053a150f - method=OPTIONS - path=/profile/targets - status=0 - duration=0.00ms
2026-04-02 19:06:18,087 - INFO - Request completed - request_id=1775149578-053a150f - method=OPTIONS - path=/profile/targets - status=200 - duration=0.16ms
2026-04-02 19:06:18,088 - INFO - Request started - request_id=1775149578-20da0f40 - method=OPTIONS - path=/me/summary - status=0 - duration=0.00ms
2026-04-02 19:06:18,088 - INFO - Request completed - request_id=1775149578-20da0f40 - method=OPTIONS - path=/me/summary - status=200 - duration=0.12ms
2026-04-02 19:06:18,088 - INFO - Request started - request_id=1775149578-106bba2a - method=OPTIONS - path=/me/meals - status=0 - duration=0.00ms
2026-04-02 19:06:18,088 - INFO - Request completed - request_id=1775149578-106bba2a - method=OPTIONS - path=/me/meals - status=200 - duration=0.09ms
2026-04-02 19:06:18,089 - INFO - Request started - request_id=1775149578-147ef69b - method=GET - path=/me/summary - status=0 - duration=0.00ms
2026-04-02 19:06:18,090 - INFO - Request started - request_id=1775149578-a9985e66 - method=GET - path=/profile/targets - status=0 - duration=0.00ms
2026-04-02 19:06:18,090 - INFO - Request started - request_id=1775149578-a36b3ea9 - method=GET - path=/me/meals - status=0 - duration=0.00ms
2026-04-02 19:06:18,095 - INFO - Request completed - request_id=1775149578-a36b3ea9 - method=GET - path=/me/meals - status=0 - duration=0.00ms
2026-04-02 19:06:18,100 - INFO - Request completed - request_id=1775149578-a36b3ea9 - method=GET - path=/me/meals - status=0 - duration=0.00ms
2026-04-02 19:06:18,101 - INFO - Request completed - request_id=1775149578-a36b3ea9 - method=GET - path=/me/meals - status=200 - duration=10.72ms
2026-04-02 19:06:31,881 - INFO - Request started - request_id=1775149591-5cbb62a6 - method=OPTIONS - path=/auth/login - status=0 - duration=0.00ms
2026-04-02 19:06:31,882 - INFO - Request completed - request_id=1775149591-5cbb62a6 - method=OPTIONS - path=/auth/login - status=200 - duration=0.19ms
2026-04-02 19:06:31,883 - INFO - Request started - request_id=1775149591-7e3826db - method=POST - path=/auth/login - status=0 - duration=0.00ms
2026-04-02 19:06:32,080 - INFO - Request completed - request_id=1775149591-7e3826db - method=POST - path=/auth/login - status=200 - duration=197.14ms
2026-04-02 19:06:32,104 - INFO - Request started - request_id=1775149592-7eb6babf - method=OPTIONS - path=/users/me - status=0 - duration=0.00ms
2026-04-02 19:06:32,104 - INFO - Request completed - request_id=1775149592-7eb6babf - method=OPTIONS - path=/users/me - status=200 - duration=0.15ms
2026-04-02 19:06:32,105 - INFO - Request started - request_id=1775149592-7a2aedc1 - method=GET - path=/users/me - status=0 - duration=0.00ms
2026-04-02 19:06:32,107 - INFO - Request completed - request_id=1775149592-7a2aedc1 - method=GET - path=/users/me - status=200 - duration=1.84ms
2026-04-02 19:06:32,109 - INFO - Request started - request_id=1775149592-26997d1d - method=OPTIONS - path=/me/meals - status=0 - duration=0.00ms
2026-04-02 19:06:32,110 - INFO - Request completed - request_id=1775149592-26997d1d - method=OPTIONS - path=/me/meals - status=200 - duration=0.15ms
2026-04-02 19:06:32,111 - INFO - Request started - request_id=1775149592-66c5cb3b - method=GET - path=/me/meals - status=0 - duration=0.00ms
2026-04-02 19:06:32,115 - INFO - Request completed - request_id=1775149592-66c5cb3b - method=GET - path=/me/meals - status=200 - duration=3.91ms
2026-04-02 19:06:32,152 - INFO - Request started - request_id=1775149592-83c81417 - method=GET - path=/users/me - status=0 - duration=0.00ms
2026-04-02 19:06:32,154 - INFO - Request completed - request_id=1775149592-83c81417 - method=GET - path=/users/me - status=200 - duration=1.84ms
2026-04-02 19:06:32,156 - INFO - Request started - request_id=1775149592-917d4988 - method=OPTIONS - path=/me/meals - status=0 - duration=0.00ms
2026-04-02 19:06:32,156 - INFO - Request completed - request_id=1775149592-917d4988 - method=OPTIONS - path=/me/meals - status=200 - duration=0.18ms
2026-04-02 19:06:32,157 - INFO - Request started - request_id=1775149592-7aaa7304 - method=GET - path=/me/meals - status=0 - duration=0.00ms
2026-04-02 19:06:32,162 - INFO - Request completed - request_id=1775149592-7aaa7304 - method=GET - path=/me/meals - status=200 - duration=4.34ms
2026-04-02 19:06:32,189 - INFO - Request started - request_id=1775149592-9514d292 - method=GET - path=/users/me - status=0 - duration=0.00ms
2026-04-02 19:06:32,191 - INFO - Request completed - request_id=1775149592-9514d292 - method=GET - path=/users/me - status=200 - duration=2.20ms
2026-04-02 19:06:32,194 - INFO - Request started - request_id=1775149592-3a91b9d4 - method=OPTIONS - path=/profile/targets - status=0 - duration=0.00ms
2026-04-02 19:06:32,195 - INFO - Request completed - request_id=1775149592-3a91b9d4 - method=OPTIONS - path=/profile/targets - status=200 - duration=0.28ms
2026-04-02 19:06:32,195 - INFO - Request started - request_id=1775149592-a67bd818 - method=OPTIONS - path=/me/summary - status=0 - duration=0.00ms
2026-04-02 19:06:32,195 - INFO - Request completed - request_id=1775149592-a67bd818 - method=OPTIONS - path=/me/summary - status=200 - duration=0.12ms
2026-04-02 19:06:32,195 - INFO - Request started - request_id=1775149592-0b52c646 - method=OPTIONS - path=/me/meals - status=0 - duration=0.00ms
2026-04-02 19:06:32,195 - INFO - Request completed - request_id=1775149592-0b52c646 - method=OPTIONS - path=/me/meals - status=200 - duration=0.08ms
2026-04-02 19:06:32,198 - INFO - Request started - request_id=1775149592-e4956544 - method=GET - path=/profile/targets - status=0 - duration=0.00ms
2026-04-02 19:06:32,198 - INFO - Request started - request_id=1775149592-9036a193 - method=GET - path=/me/summary - status=0 - duration=0.00ms
2026-04-02 19:06:32,198 - INFO - Request started - request_id=1775149592-829f0370 - method=GET - path=/me/meals - status=0 - duration=0.00ms
2026-04-02 19:06:32,205 - INFO - Request completed - request_id=1775149592-829f0370 - method=GET - path=/me/meals - status=0 - duration=0.00ms
2026-04-02 19:06:32,208 - INFO - Request completed - request_id=1775149592-829f0370 - method=GET - path=/me/meals - status=200 - duration=9.36ms
2026-04-02 19:06:32,209 - INFO - Request completed - request_id=1775149592-9036a193 - method=GET - path=/me/summary - status=200 - duration=10.74ms
2026-04-02 19:06:32,223 - INFO - Request started - request_id=1775149592-54b7454f - method=GET - path=/users/me - status=0 - duration=0.00ms
2026-04-02 19:06:32,225 - INFO - Request completed - request_id=1775149592-54b7454f - method=GET - path=/users/me - status=200 - duration=2.53ms
2026-04-02 19:06:32,228 - INFO - Request started - request_id=1775149592-73e01bc7 - method=OPTIONS - path=/profile - status=0 - duration=0.00ms
2026-04-02 19:06:32,228 - INFO - Request completed - request_id=1775149592-73e01bc7 - method=OPTIONS - path=/profile - status=200 - duration=0.19ms
2026-04-02 19:06:32,230 - INFO - Request started - request_id=1775149592-6f988b2e - method=GET - path=/profile - status=0 - duration=0.00ms
2026-04-02 19:06:32,232 - INFO - Request completed - request_id=1775149592-6f988b2e - method=GET - path=/profile - status=200 - duration=2.23ms
2026-04-02 19:06:32,235 - INFO - Request started - request_id=1775149592-be38741b - method=GET - path=/profile/targets - status=0 - duration=0.00ms
2026-04-02 19:06:32,238 - INFO - Request completed - request_id=1775149592-be38741b - method=GET - path=/profile/targets - status=200 - duration=2.75ms
2026-04-02 19:06:32,463 - INFO - Request started - request_id=1775149592-c450bd1e - method=OPTIONS - path=/auth/login - status=0 - duration=0.00ms
2026-04-02 19:06:32,463 - INFO - Request completed - request_id=1775149592-c450bd1e - method=OPTIONS - path=/auth/login - status=200 - duration=0.16ms
2026-04-02 19:06:32,464 - INFO - Request started - request_id=1775149592-f0907442 - method=POST - path=/auth/login - status=0 - duration=0.00ms
2026-04-02 19:06:32,662 - INFO - Request completed - request_id=1775149592-f0907442 - method=POST - path=/auth/login - status=200 - duration=197.60ms
2026-04-02 19:06:32,686 - INFO - Request started - request_id=1775149592-e4895531 - method=OPTIONS - path=/users/me - status=0 - duration=0.00ms
2026-04-02 19:06:32,686 - INFO - Request completed - request_id=1775149592-e4895531 - method=OPTIONS - path=/users/me - status=200 - duration=0.17ms
2026-04-02 19:06:32,688 - INFO - Request started - request_id=1775149592-e012ec65 - method=GET - path=/users/me - status=0 - duration=0.00ms
2026-04-02 19:06:32,690 - INFO - Request completed - request_id=1775149592-e012ec65 - method=GET - path=/users/me - status=200 - duration=2.16ms
2026-04-02 19:06:32,692 - INFO - Request started - request_id=1775149592-24f5707f - method=OPTIONS - path=/me/meals - status=0 - duration=0.00ms
2026-04-02 19:06:32,693 - INFO - Request completed - request_id=1775149592-24f5707f - method=OPTIONS - path=/me/meals - status=200 - duration=0.19ms
2026-04-02 19:06:32,694 - INFO - Request started - request_id=1775149592-bf303d71 - method=GET - path=/me/meals - status=0 - duration=0.00ms
2026-04-02 19:06:32,697 - INFO - Request completed - request_id=1775149592-bf303d71 - method=GET - path=/me/meals - status=200 - duration=3.47ms
2026-04-02 19:06:32,719 - INFO - Request started - request_id=1775149592-98c5bf1d - method=GET - path=/users/me - status=0 - duration=0.00ms
2026-04-02 19:06:32,722 - INFO - Request completed - request_id=1775149592-98c5bf1d - method=GET - path=/users/me - status=200 - duration=2.49ms
2026-04-02 19:06:32,726 - INFO - Request started - request_id=1775149592-96cba003 - method=OPTIONS - path=/profile - status=0 - duration=0.00ms
2026-04-02 19:06:32,726 - INFO - Request completed - request_id=1775149592-96cba003 - method=OPTIONS - path=/profile - status=200 - duration=0.22ms
2026-04-02 19:06:32,728 - INFO - Request started - request_id=1775149592-c83527f8 - method=GET - path=/profile - status=0 - duration=0.00ms
2026-04-02 19:06:32,731 - INFO - Request completed - request_id=1775149592-c83527f8 - method=GET - path=/profile - status=200 - duration=2.99ms
2026-04-02 19:06:32,734 - INFO - Request started - request_id=1775149592-b1ed2d9a - method=OPTIONS - path=/profile/targets - status=0 - duration=0.00ms
2026-04-02 19:06:32,734 - INFO - Request completed - request_id=1775149592-b1ed2d9a - method=OPTIONS - path=/profile/targets - status=200 - duration=0.19ms
2026-04-02 19:06:32,736 - INFO - Request started - request_id=1775149592-233e378c - method=GET - path=/profile/targets - status=0 - duration=0.00ms
2026-04-02 19:06:32,739 - INFO - Request completed - request_id=1775149592-233e378c - method=GET - path=/profile/targets - status=200 - duration=2.49ms
2026-04-02 19:06:32,848 - INFO - Request started - request_id=1775149592-5627f3a8 - method=OPTIONS - path=/profile - status=0 - duration=0.00ms
2026-04-02 19:06:32,848 - INFO - Request completed - request_id=1775149592-5627f3a8 - method=OPTIONS - path=/profile - status=200 - duration=0.18ms
2026-04-02 19:06:32,849 - INFO - Request started - request_id=1775149592-38064ac0 - method=PUT - path=/profile - status=0 - duration=0.00ms
2026-04-02 19:06:32,865 - INFO - Request completed - request_id=1775149592-38064ac0 - method=PUT - path=/profile - status=200 - duration=16.31ms
2026-04-02 19:06:32,868 - INFO - Request started - request_id=1775149592-ad869af1 - method=GET - path=/profile/targets - status=0 - duration=0.00ms
2026-04-02 19:06:32,872 - INFO - Request completed - request_id=1775149592-ad869af1 - method=GET - path=/profile/targets - status=200 - duration=3.14ms
2026-04-02 19:06:33,199 - INFO - Request started - request_id=1775149593-f758690e - method=OPTIONS - path=/auth/login - status=0 - duration=0.00ms
2026-04-02 19:06:33,199 - INFO - Request completed - request_id=1775149593-f758690e - method=OPTIONS - path=/auth/login - status=200 - duration=0.18ms
2026-04-02 19:06:33,200 - INFO - Request started - request_id=1775149593-8f2861e7 - method=POST - path=/auth/login - status=0 - duration=0.00ms
2026-04-02 19:06:33,399 - INFO - Request completed - request_id=1775149593-8f2861e7 - method=POST - path=/auth/login - status=200 - duration=198.75ms
2026-04-02 19:06:33,421 - INFO - Request started - request_id=1775149593-aa767c16 - method=OPTIONS - path=/users/me - status=0 - duration=0.00ms
2026-04-02 19:06:33,421 - INFO - Request completed - request_id=1775149593-aa767c16 - method=OPTIONS - path=/users/me - status=200 - duration=0.16ms
2026-04-02 19:06:33,422 - INFO - Request started - request_id=1775149593-8efea024 - method=GET - path=/users/me - status=0 - duration=0.00ms
2026-04-02 19:06:33,425 - INFO - Request completed - request_id=1775149593-8efea024 - method=GET - path=/users/me - status=200 - duration=2.96ms
2026-04-02 19:06:33,429 - INFO - Request started - request_id=1775149593-eb1c8b54 - method=OPTIONS - path=/me/meals - status=0 - duration=0.00ms
2026-04-02 19:06:33,430 - INFO - Request completed - request_id=1775149593-eb1c8b54 - method=OPTIONS - path=/me/meals - status=200 - duration=0.25ms
2026-04-02 19:06:33,432 - INFO - Request started - request_id=1775149593-a9fb6362 - method=GET - path=/me/meals - status=0 - duration=0.00ms
2026-04-02 19:06:33,435 - INFO - Request completed - request_id=1775149593-a9fb6362 - method=GET - path=/me/meals - status=200 - duration=3.54ms
2026-04-02 19:06:33,529 - INFO - Request started - request_id=1775149593-e38aa4c7 - method=OPTIONS - path=/me/meals/text - status=0 - duration=0.00ms
2026-04-02 19:06:33,529 - INFO - Request completed - request_id=1775149593-e38aa4c7 - method=OPTIONS - path=/me/meals/text - status=200 - duration=0.16ms
2026-04-02 19:06:33,530 - INFO - Request started - request_id=1775149593-ae34ad33 - method=POST - path=/me/meals/text - status=0 - duration=0.00ms
2026-04-02 19:06:40,887 - INFO - Request completed - request_id=1775149593-ae34ad33 - method=POST - path=/me/meals/text - status=200 - duration=7357.62ms
2026-04-02 19:06:40,897 - INFO - Request started - request_id=1775149600-b6731eda - method=GET - path=/me/meals - status=0 - duration=0.00ms
2026-04-02 19:06:40,901 - INFO - Request completed - request_id=1775149600-b6731eda - method=GET - path=/me/meals - status=200 - duration=3.74ms
2026-04-02 19:06:41,299 - INFO - Request started - request_id=1775149601-600d8c6f - method=OPTIONS - path=/me/meals/1 - status=0 - duration=0.00ms
2026-04-02 19:06:41,300 - INFO - Request completed - request_id=1775149601-600d8c6f - method=OPTIONS - path=/me/meals/1 - status=200 - duration=0.17ms
2026-04-02 19:06:41,301 - INFO - Request started - request_id=1775149601-3a84660a - method=PUT - path=/me/meals/1 - status=0 - duration=0.00ms
2026-04-02 19:06:41,310 - INFO - Request completed - request_id=1775149601-3a84660a - method=PUT - path=/me/meals/1 - status=200 - duration=9.18ms
2026-04-02 19:06:41,313 - INFO - Request started - request_id=1775149601-cbb8cd3b - method=GET - path=/me/meals - status=0 - duration=0.00ms
2026-04-02 19:06:41,317 - INFO - Request completed - request_id=1775149601-cbb8cd3b - method=GET - path=/me/meals - status=200 - duration=3.13ms
2026-04-02 19:06:52,618 - INFO - Request started - request_id=1775149612-350e3e98 - method=OPTIONS - path=/auth/login - status=0 - duration=0.00ms
2026-04-02 19:06:52,619 - INFO - Request completed - request_id=1775149612-350e3e98 - method=OPTIONS - path=/auth/login - status=200 - duration=0.16ms
2026-04-02 19:06:52,620 - INFO - Request started - request_id=1775149612-c920e0be - method=POST - path=/auth/login - status=0 - duration=0.00ms
2026-04-02 19:06:52,820 - INFO - Request completed - request_id=1775149612-c920e0be - method=POST - path=/auth/login - status=200 - duration=199.61ms
2026-04-02 19:06:52,841 - INFO - Request started - request_id=1775149612-be7d86e4 - method=OPTIONS - path=/users/me - status=0 - duration=0.00ms
2026-04-02 19:06:52,842 - INFO - Request completed - request_id=1775149612-be7d86e4 - method=OPTIONS - path=/users/me - status=200 - duration=0.18ms
2026-04-02 19:06:52,844 - INFO - Request started - request_id=1775149612-3aa906d2 - method=GET - path=/users/me - status=0 - duration=0.00ms
2026-04-02 19:06:52,846 - INFO - Request completed - request_id=1775149612-3aa906d2 - method=GET - path=/users/me - status=200 - duration=2.38ms
2026-04-02 19:06:52,849 - INFO - Request started - request_id=1775149612-3ee71050 - method=OPTIONS - path=/me/meals - status=0 - duration=0.00ms
2026-04-02 19:06:52,849 - INFO - Request completed - request_id=1775149612-3ee71050 - method=OPTIONS - path=/me/meals - status=200 - duration=0.17ms
2026-04-02 19:06:52,850 - INFO - Request started - request_id=1775149612-87acad47 - method=GET - path=/me/meals - status=0 - duration=0.00ms
2026-04-02 19:06:52,855 - INFO - Request completed - request_id=1775149612-87acad47 - method=GET - path=/me/meals - status=200 - duration=4.36ms
2026-04-02 19:06:52,891 - INFO - Request started - request_id=1775149612-6ce2f244 - method=GET - path=/users/me - status=0 - duration=0.00ms
2026-04-02 19:06:52,893 - INFO - Request completed - request_id=1775149612-6ce2f244 - method=GET - path=/users/me - status=200 - duration=1.97ms
2026-04-02 19:06:52,896 - INFO - Request started - request_id=1775149612-f1b44a52 - method=OPTIONS - path=/profile/targets - status=0 - duration=0.00ms
2026-04-02 19:06:52,897 - INFO - Request completed - request_id=1775149612-f1b44a52 - method=OPTIONS - path=/profile/targets - status=200 - duration=0.24ms
2026-04-02 19:06:52,897 - INFO - Request started - request_id=1775149612-9d411000 - method=OPTIONS - path=/me/summary - status=0 - duration=0.00ms
2026-04-02 19:06:52,897 - INFO - Request completed - request_id=1775149612-9d411000 - method=OPTIONS - path=/me/summary - status=200 - duration=0.24ms
2026-04-02 19:06:52,898 - INFO - Request started - request_id=1775149612-198570cd - method=OPTIONS - path=/me/meals - status=0 - duration=0.00ms
2026-04-02 19:06:52,898 - INFO - Request completed - request_id=1775149612-198570cd - method=OPTIONS - path=/me/meals - status=200 - duration=0.37ms
2026-04-02 19:06:52,899 - INFO - Request started - request_id=1775149612-f5576ffa - method=GET - path=/me/summary - status=0 - duration=0.00ms
2026-04-02 19:06:52,900 - INFO - Request started - request_id=1775149612-7bc28d5d - method=GET - path=/profile/targets - status=0 - duration=0.00ms
2026-04-02 19:06:52,900 - INFO - Request started - request_id=1775149612-0ec4d7e3 - method=GET - path=/me/meals - status=0 - duration=0.00ms
2026-04-02 19:06:52,908 - INFO - Request completed - request_id=1775149612-0ec4d7e3 - method=GET - path=/me/meals - status=0 - duration=0.00ms
2026-04-02 19:06:52,910 - INFO - Request completed - request_id=1775149612-0ec4d7e3 - method=GET - path=/me/meals - status=0 - duration=0.00ms
2026-04-02 19:06:52,912 - INFO - Request completed - request_id=1775149612-0ec4d7e3 - method=GET - path=/me/meals - status=200 - duration=11.76ms
2026-04-02 19:07:13,684 - INFO - Request started - request_id=1775149633-f36cabef - method=OPTIONS - path=/auth/login - status=0 - duration=0.00ms
2026-04-02 19:07:13,684 - INFO - Request completed - request_id=1775149633-f36cabef - method=OPTIONS - path=/auth/login - status=200 - duration=0.16ms
2026-04-02 19:07:13,685 - INFO - Request started - request_id=1775149633-810dcfac - method=POST - path=/auth/login - status=0 - duration=0.00ms
2026-04-02 19:07:13,885 - INFO - Request completed - request_id=1775149633-810dcfac - method=POST - path=/auth/login - status=200 - duration=199.16ms
2026-04-02 19:07:13,908 - INFO - Request started - request_id=1775149633-b162db88 - method=OPTIONS - path=/users/me - status=0 - duration=0.00ms
2026-04-02 19:07:13,908 - INFO - Request completed - request_id=1775149633-b162db88 - method=OPTIONS - path=/users/me - status=200 - duration=0.17ms
2026-04-02 19:07:13,909 - INFO - Request started - request_id=1775149633-f55c7965 - method=GET - path=/users/me - status=0 - duration=0.00ms
2026-04-02 19:07:13,911 - INFO - Request completed - request_id=1775149633-f55c7965 - method=GET - path=/users/me - status=200 - duration=2.16ms
2026-04-02 19:07:13,914 - INFO - Request started - request_id=1775149633-cc316e19 - method=OPTIONS - path=/me/meals - status=0 - duration=0.00ms
2026-04-02 19:07:13,914 - INFO - Request completed - request_id=1775149633-cc316e19 - method=OPTIONS - path=/me/meals - status=200 - duration=0.17ms
2026-04-02 19:07:13,915 - INFO - Request started - request_id=1775149633-a4bd90a8 - method=GET - path=/me/meals - status=0 - duration=0.00ms
2026-04-02 19:07:13,920 - INFO - Request completed - request_id=1775149633-a4bd90a8 - method=GET - path=/me/meals - status=200 - duration=3.91ms
2026-04-02 19:07:13,961 - INFO - Request started - request_id=1775149633-f401ca22 - method=GET - path=/users/me - status=0 - duration=0.00ms
2026-04-02 19:07:13,963 - INFO - Request completed - request_id=1775149633-f401ca22 - method=GET - path=/users/me - status=200 - duration=2.05ms
2026-04-02 19:07:13,967 - INFO - Request started - request_id=1775149633-95d185d3 - method=OPTIONS - path=/me/meals - status=0 - duration=0.00ms
2026-04-02 19:07:13,968 - INFO - Request completed - request_id=1775149633-95d185d3 - method=OPTIONS - path=/me/meals - status=200 - duration=0.23ms
2026-04-02 19:07:13,969 - INFO - Request started - request_id=1775149633-de261196 - method=GET - path=/me/meals - status=0 - duration=0.00ms
2026-04-02 19:07:13,974 - INFO - Request completed - request_id=1775149633-de261196 - method=GET - path=/me/meals - status=200 - duration=4.57ms
2026-04-02 19:07:14,005 - INFO - Request started - request_id=1775149634-9032d227 - method=GET - path=/users/me - status=0 - duration=0.00ms
2026-04-02 19:07:14,008 - INFO - Request completed - request_id=1775149634-9032d227 - method=GET - path=/users/me - status=200 - duration=2.32ms
2026-04-02 19:07:14,012 - INFO - Request started - request_id=1775149634-d2cf991d - method=OPTIONS - path=/profile/targets - status=0 - duration=0.00ms
2026-04-02 19:07:14,013 - INFO - Request completed - request_id=1775149634-d2cf991d - method=OPTIONS - path=/profile/targets - status=200 - duration=0.18ms
2026-04-02 19:07:14,013 - INFO - Request started - request_id=1775149634-bfc3a1af - method=OPTIONS - path=/me/summary - status=0 - duration=0.00ms
2026-04-02 19:07:14,013 - INFO - Request completed - request_id=1775149634-bfc3a1af - method=OPTIONS - path=/me/summary - status=200 - duration=0.12ms
2026-04-02 19:07:14,013 - INFO - Request started - request_id=1775149634-6d5e4528 - method=OPTIONS - path=/me/meals - status=0 - duration=0.00ms
2026-04-02 19:07:14,014 - INFO - Request completed - request_id=1775149634-6d5e4528 - method=OPTIONS - path=/me/meals - status=200 - duration=0.10ms
2026-04-02 19:07:14,016 - INFO - Request started - request_id=1775149634-96593d87 - method=GET - path=/me/summary - status=0 - duration=0.00ms
2026-04-02 19:07:14,016 - INFO - Request started - request_id=1775149634-cfbcc076 - method=GET - path=/me/meals - status=0 - duration=0.00ms
2026-04-02 19:07:14,017 - INFO - Request started - request_id=1775149634-4092fe30 - method=GET - path=/profile/targets - status=0 - duration=0.00ms
2026-04-02 19:07:14,025 - INFO - Request completed - request_id=1775149634-4092fe30 - method=GET - path=/profile/targets - status=200 - duration=7.80ms
2026-04-02 19:07:14,031 - INFO - Request completed - request_id=1775149634-cfbcc076 - method=GET - path=/me/meals - status=200 - duration=14.04ms
2026-04-02 19:07:14,032 - INFO - Request completed - request_id=1775149634-96593d87 - method=GET - path=/me/summary - status=200 - duration=15.41ms
2026-04-02 19:07:14,049 - INFO - Request started - request_id=1775149634-0b16aba4 - method=GET - path=/users/me - status=0 - duration=0.00ms
2026-04-02 19:07:14,052 - INFO - Request completed - request_id=1775149634-0b16aba4 - method=GET - path=/users/me - status=200 - duration=2.82ms
2026-04-02 19:07:14,055 - INFO - Request started - request_id=1775149634-f8527fb3 - method=OPTIONS - path=/profile - status=0 - duration=0.00ms
2026-04-02 19:07:14,055 - INFO - Request completed - request_id=1775149634-f8527fb3 - method=OPTIONS - path=/profile - status=200 - duration=0.18ms
2026-04-02 19:07:14,056 - INFO - Request started - request_id=1775149634-07dc5df2 - method=GET - path=/profile - status=0 - duration=0.00ms
2026-04-02 19:07:14,059 - INFO - Request completed - request_id=1775149634-07dc5df2 - method=GET - path=/profile - status=200 - duration=2.76ms
2026-04-02 19:07:14,064 - INFO - Request started - request_id=1775149634-abd799b0 - method=GET - path=/profile/targets - status=0 - duration=0.00ms
2026-04-02 19:07:14,068 - INFO - Request completed - request_id=1775149634-abd799b0 - method=GET - path=/profile/targets - status=200 - duration=2.68ms
2026-04-02 19:07:14,282 - INFO - Request started - request_id=1775149634-458c60f9 - method=OPTIONS - path=/auth/login - status=0 - duration=0.00ms
2026-04-02 19:07:14,283 - INFO - Request completed - request_id=1775149634-458c60f9 - method=OPTIONS - path=/auth/login - status=200 - duration=0.17ms
2026-04-02 19:07:14,284 - INFO - Request started - request_id=1775149634-a9c7646a - method=POST - path=/auth/login - status=0 - duration=0.00ms
2026-04-02 19:07:14,482 - INFO - Request completed - request_id=1775149634-a9c7646a - method=POST - path=/auth/login - status=200 - duration=197.93ms
2026-04-02 19:07:14,504 - INFO - Request started - request_id=1775149634-366f11e8 - method=OPTIONS - path=/users/me - status=0 - duration=0.00ms
2026-04-02 19:07:14,504 - INFO - Request completed - request_id=1775149634-366f11e8 - method=OPTIONS - path=/users/me - status=200 - duration=0.18ms
2026-04-02 19:07:14,505 - INFO - Request started - request_id=1775149634-a91499e0 - method=GET - path=/users/me - status=0 - duration=0.00ms
2026-04-02 19:07:14,508 - INFO - Request completed - request_id=1775149634-a91499e0 - method=GET - path=/users/me - status=200 - duration=2.16ms
2026-04-02 19:07:14,510 - INFO - Request started - request_id=1775149634-c440c961 - method=OPTIONS - path=/me/meals - status=0 - duration=0.00ms
2026-04-02 19:07:14,511 - INFO - Request completed - request_id=1775149634-c440c961 - method=OPTIONS - path=/me/meals - status=200 - duration=0.51ms
2026-04-02 19:07:14,512 - INFO - Request started - request_id=1775149634-58bd5fb9 - method=GET - path=/me/meals - status=0 - duration=0.00ms
2026-04-02 19:07:14,517 - INFO - Request completed - request_id=1775149634-58bd5fb9 - method=GET - path=/me/meals - status=200 - duration=4.74ms
2026-04-02 19:07:14,546 - INFO - Request started - request_id=1775149634-347eb31d - method=GET - path=/users/me - status=0 - duration=0.00ms
2026-04-02 19:07:14,549 - INFO - Request completed - request_id=1775149634-347eb31d - method=GET - path=/users/me - status=200 - duration=2.42ms
2026-04-02 19:07:14,551 - INFO - Request started - request_id=1775149634-a8ca6061 - method=OPTIONS - path=/profile - status=0 - duration=0.00ms
2026-04-02 19:07:14,551 - INFO - Request completed - request_id=1775149634-a8ca6061 - method=OPTIONS - path=/profile - status=200 - duration=0.16ms
2026-04-02 19:07:14,553 - INFO - Request started - request_id=1775149634-5d033e8b - method=GET - path=/profile - status=0 - duration=0.00ms
2026-04-02 19:07:14,555 - INFO - Request completed - request_id=1775149634-5d033e8b - method=GET - path=/profile - status=200 - duration=2.38ms
2026-04-02 19:07:14,557 - INFO - Request started - request_id=1775149634-16e77b85 - method=OPTIONS - path=/profile/targets - status=0 - duration=0.00ms
2026-04-02 19:07:14,558 - INFO - Request completed - request_id=1775149634-16e77b85 - method=OPTIONS - path=/profile/targets - status=200 - duration=0.17ms
2026-04-02 19:07:14,559 - INFO - Request started - request_id=1775149634-bc30600a - method=GET - path=/profile/targets - status=0 - duration=0.00ms
2026-04-02 19:07:14,562 - INFO - Request completed - request_id=1775149634-bc30600a - method=GET - path=/profile/targets - status=200 - duration=2.44ms
2026-04-02 19:07:14,667 - INFO - Request started - request_id=1775149634-2979b5b0 - method=OPTIONS - path=/profile - status=0 - duration=0.00ms
2026-04-02 19:07:14,668 - INFO - Request completed - request_id=1775149634-2979b5b0 - method=OPTIONS - path=/profile - status=200 - duration=0.19ms
2026-04-02 19:07:14,669 - INFO - Request started - request_id=1775149634-2e42f55d - method=PUT - path=/profile - status=0 - duration=0.00ms
2026-04-02 19:07:14,679 - INFO - Request completed - request_id=1775149634-2e42f55d - method=PUT - path=/profile - status=200 - duration=9.96ms
2026-04-02 19:07:14,683 - INFO - Request started - request_id=1775149634-980b3d57 - method=GET - path=/profile/targets - status=0 - duration=0.00ms
2026-04-02 19:07:14,686 - INFO - Request completed - request_id=1775149634-980b3d57 - method=GET - path=/profile/targets - status=200 - duration=3.21ms
2026-04-02 19:07:15,019 - INFO - Request started - request_id=1775149635-b9d12938 - method=OPTIONS - path=/auth/login - status=0 - duration=0.00ms
2026-04-02 19:07:15,019 - INFO - Request completed - request_id=1775149635-b9d12938 - method=OPTIONS - path=/auth/login - status=200 - duration=0.16ms
2026-04-02 19:07:15,020 - INFO - Request started - request_id=1775149635-5ffd0a5b - method=POST - path=/auth/login - status=0 - duration=0.00ms
2026-04-02 19:07:15,222 - INFO - Request completed - request_id=1775149635-5ffd0a5b - method=POST - path=/auth/login - status=200 - duration=201.33ms
2026-04-02 19:07:15,246 - INFO - Request started - request_id=1775149635-624c6c64 - method=OPTIONS - path=/users/me - status=0 - duration=0.00ms
2026-04-02 19:07:15,247 - INFO - Request completed - request_id=1775149635-624c6c64 - method=OPTIONS - path=/users/me - status=200 - duration=0.33ms
2026-04-02 19:07:15,248 - INFO - Request started - request_id=1775149635-ee51f9f7 - method=GET - path=/users/me - status=0 - duration=0.00ms
2026-04-02 19:07:15,251 - INFO - Request completed - request_id=1775149635-ee51f9f7 - method=GET - path=/users/me - status=200 - duration=3.25ms
2026-04-02 19:07:15,255 - INFO - Request started - request_id=1775149635-c535f005 - method=OPTIONS - path=/me/meals - status=0 - duration=0.00ms
2026-04-02 19:07:15,255 - INFO - Request completed - request_id=1775149635-c535f005 - method=OPTIONS - path=/me/meals - status=200 - duration=0.31ms
2026-04-02 19:07:15,257 - INFO - Request started - request_id=1775149635-0a9b752a - method=GET - path=/me/meals - status=0 - duration=0.00ms
2026-04-02 19:07:15,262 - INFO - Request completed - request_id=1775149635-0a9b752a - method=GET - path=/me/meals - status=200 - duration=4.58ms
2026-04-02 19:07:15,364 - INFO - Request started - request_id=1775149635-2016c064 - method=OPTIONS - path=/me/meals/text - status=0 - duration=0.00ms
2026-04-02 19:07:15,365 - INFO - Request completed - request_id=1775149635-2016c064 - method=OPTIONS - path=/me/meals/text - status=200 - duration=0.18ms
2026-04-02 19:07:15,366 - INFO - Request started - request_id=1775149635-6c0ef730 - method=POST - path=/me/meals/text - status=0 - duration=0.00ms
2026-04-02 19:07:19,215 - INFO - Request completed - request_id=1775149635-6c0ef730 - method=POST - path=/me/meals/text - status=200 - duration=3848.95ms
2026-04-02 19:07:19,221 - INFO - Request started - request_id=1775149639-61ac16ff - method=GET - path=/me/meals - status=0 - duration=0.00ms
2026-04-02 19:07:19,225 - INFO - Request completed - request_id=1775149639-61ac16ff - method=GET - path=/me/meals - status=200 - duration=3.88ms
2026-04-02 19:07:19,335 - INFO - Request started - request_id=1775149639-aad54704 - method=OPTIONS - path=/me/meals/2 - status=0 - duration=0.00ms
2026-04-02 19:07:19,336 - INFO - Request completed - request_id=1775149639-aad54704 - method=OPTIONS - path=/me/meals/2 - status=200 - duration=0.25ms
2026-04-02 19:07:19,337 - INFO - Request started - request_id=1775149639-4f21f26f - method=PUT - path=/me/meals/2 - status=0 - duration=0.00ms
2026-04-02 19:07:19,349 - INFO - Request completed - request_id=1775149639-4f21f26f - method=PUT - path=/me/meals/2 - status=200 - duration=11.98ms
2026-04-02 19:07:19,353 - INFO - Request started - request_id=1775149639-f1080603 - method=GET - path=/me/meals - status=0 - duration=0.00ms
2026-04-02 19:07:19,356 - INFO - Request completed - request_id=1775149639-f1080603 - method=GET - path=/me/meals - status=200 - duration=3.02ms
2026-04-02 19:07:19,471 - INFO - Request started - request_id=1775149639-2ed4573b - method=GET - path=/users/me - status=0 - duration=0.00ms
2026-04-02 19:07:19,473 - INFO - Request completed - request_id=1775149639-2ed4573b - method=GET - path=/users/me - status=200 - duration=1.87ms
2026-04-02 19:07:19,475 - INFO - Request started - request_id=1775149639-bcbcdb5a - method=OPTIONS - path=/me/meals - status=0 - duration=0.00ms
2026-04-02 19:07:19,476 - INFO - Request completed - request_id=1775149639-bcbcdb5a - method=OPTIONS - path=/me/meals - status=200 - duration=0.16ms
2026-04-02 19:07:19,477 - INFO - Request started - request_id=1775149639-b82b0cab - method=GET - path=/me/meals - status=0 - duration=0.00ms
2026-04-02 19:07:19,480 - INFO - Request completed - request_id=1775149639-b82b0cab - method=GET - path=/me/meals - status=200 - duration=3.37ms
2026-04-02 19:08:15,856 - INFO - Request started - request_id=1775149695-dec651d0 - method=OPTIONS - path=/auth/login - status=0 - duration=0.00ms
2026-04-02 19:08:15,857 - INFO - Request completed - request_id=1775149695-dec651d0 - method=OPTIONS - path=/auth/login - status=200 - duration=0.17ms
2026-04-02 19:08:15,858 - INFO - Request started - request_id=1775149695-00079b01 - method=POST - path=/auth/login - status=0 - duration=0.00ms
2026-04-02 19:08:16,060 - INFO - Request completed - request_id=1775149695-00079b01 - method=POST - path=/auth/login - status=200 - duration=202.72ms
2026-04-02 19:08:16,079 - INFO - Request started - request_id=1775149696-16104506 - method=OPTIONS - path=/users/me - status=0 - duration=0.00ms
2026-04-02 19:08:16,079 - INFO - Request completed - request_id=1775149696-16104506 - method=OPTIONS - path=/users/me - status=200 - duration=0.15ms
2026-04-02 19:08:16,080 - INFO - Request started - request_id=1775149696-318f72e7 - method=GET - path=/users/me - status=0 - duration=0.00ms
2026-04-02 19:08:16,082 - INFO - Request completed - request_id=1775149696-318f72e7 - method=GET - path=/users/me - status=200 - duration=2.08ms
2026-04-02 19:08:16,089 - INFO - Request started - request_id=1775149696-70df78cb - method=OPTIONS - path=/me/meals - status=0 - duration=0.00ms
2026-04-02 19:08:16,090 - INFO - Request completed - request_id=1775149696-70df78cb - method=OPTIONS - path=/me/meals - status=200 - duration=0.26ms
2026-04-02 19:08:16,091 - INFO - Request started - request_id=1775149696-702a4ff3 - method=GET - path=/me/meals - status=0 - duration=0.00ms
2026-04-02 19:08:16,094 - INFO - Request completed - request_id=1775149696-702a4ff3 - method=GET - path=/me/meals - status=200 - duration=3.32ms
2026-04-02 19:08:16,129 - INFO - Request started - request_id=1775149696-65feef00 - method=GET - path=/users/me - status=0 - duration=0.00ms
2026-04-02 19:08:16,132 - INFO - Request completed - request_id=1775149696-65feef00 - method=GET - path=/users/me - status=200 - duration=2.13ms
2026-04-02 19:08:16,134 - INFO - Request started - request_id=1775149696-908fa8ba - method=OPTIONS - path=/profile/targets - status=0 - duration=0.00ms
2026-04-02 19:08:16,135 - INFO - Request completed - request_id=1775149696-908fa8ba - method=OPTIONS - path=/profile/targets - status=200 - duration=0.16ms
2026-04-02 19:08:16,135 - INFO - Request started - request_id=1775149696-6c5315ba - method=OPTIONS - path=/me/summary - status=0 - duration=0.00ms
2026-04-02 19:08:16,135 - INFO - Request completed - request_id=1775149696-6c5315ba - method=OPTIONS - path=/me/summary - status=200 - duration=0.11ms
2026-04-02 19:08:16,135 - INFO - Request started - request_id=1775149696-081089e5 - method=OPTIONS - path=/me/meals - status=0 - duration=0.00ms
2026-04-02 19:08:16,136 - INFO - Request completed - request_id=1775149696-081089e5 - method=OPTIONS - path=/me/meals - status=200 - duration=0.11ms
2026-04-02 19:08:16,137 - INFO - Request started - request_id=1775149696-e34ace9f - method=GET - path=/me/summary - status=0 - duration=0.00ms
2026-04-02 19:08:16,137 - INFO - Request started - request_id=1775149696-2e3d6562 - method=GET - path=/profile/targets - status=0 - duration=0.00ms
2026-04-02 19:08:16,138 - INFO - Request started - request_id=1775149696-029bc25b - method=GET - path=/me/meals - status=0 - duration=0.00ms
2026-04-02 19:08:16,144 - INFO - Request completed - request_id=1775149696-029bc25b - method=GET - path=/me/meals - status=0 - duration=0.00ms
2026-04-02 19:08:16,148 - INFO - Request completed - request_id=1775149696-029bc25b - method=GET - path=/me/meals - status=0 - duration=0.00ms
2026-04-02 19:08:16,149 - INFO - Request completed - request_id=1775149696-029bc25b - method=GET - path=/me/meals - status=200 - duration=11.41ms
2026-04-02 19:08:36,445 - INFO - Request started - request_id=1775149716-8fc1d9f9 - method=OPTIONS - path=/auth/login - status=0 - duration=0.00ms
2026-04-02 19:08:36,445 - INFO - Request completed - request_id=1775149716-8fc1d9f9 - method=OPTIONS - path=/auth/login - status=200 - duration=0.15ms
2026-04-02 19:08:36,446 - INFO - Request started - request_id=1775149716-1a42fb8d - method=POST - path=/auth/login - status=0 - duration=0.00ms
2026-04-02 19:08:36,646 - INFO - Request completed - request_id=1775149716-1a42fb8d - method=POST - path=/auth/login - status=200 - duration=199.34ms
2026-04-02 19:08:36,669 - INFO - Request started - request_id=1775149716-7109b24d - method=OPTIONS - path=/users/me - status=0 - duration=0.00ms
2026-04-02 19:08:36,670 - INFO - Request completed - request_id=1775149716-7109b24d - method=OPTIONS - path=/users/me - status=200 - duration=0.16ms
2026-04-02 19:08:36,671 - INFO - Request started - request_id=1775149716-5f6572de - method=GET - path=/users/me - status=0 - duration=0.00ms
2026-04-02 19:08:36,673 - INFO - Request completed - request_id=1775149716-5f6572de - method=GET - path=/users/me - status=200 - duration=1.79ms
2026-04-02 19:08:36,677 - INFO - Request started - request_id=1775149716-f65b94d0 - method=OPTIONS - path=/me/meals - status=0 - duration=0.00ms
2026-04-02 19:08:36,678 - INFO - Request completed - request_id=1775149716-f65b94d0 - method=OPTIONS - path=/me/meals - status=200 - duration=0.17ms
2026-04-02 19:08:36,679 - INFO - Request started - request_id=1775149716-2ecc374d - method=GET - path=/me/meals - status=0 - duration=0.00ms
2026-04-02 19:08:36,683 - INFO - Request completed - request_id=1775149716-2ecc374d - method=GET - path=/me/meals - status=200 - duration=3.50ms
2026-04-02 19:08:36,724 - INFO - Request started - request_id=1775149716-0194ab3e - method=GET - path=/users/me - status=0 - duration=0.00ms
2026-04-02 19:08:36,726 - INFO - Request completed - request_id=1775149716-0194ab3e - method=GET - path=/users/me - status=200 - duration=2.30ms
2026-04-02 19:08:36,730 - INFO - Request started - request_id=1775149716-1e3c10d0 - method=OPTIONS - path=/me/meals - status=0 - duration=0.00ms
2026-04-02 19:08:36,730 - INFO - Request completed - request_id=1775149716-1e3c10d0 - method=OPTIONS - path=/me/meals - status=200 - duration=0.18ms
2026-04-02 19:08:36,731 - INFO - Request started - request_id=1775149716-6346cdbf - method=GET - path=/me/meals - status=0 - duration=0.00ms
2026-04-02 19:08:36,734 - INFO - Request completed - request_id=1775149716-6346cdbf - method=GET - path=/me/meals - status=200 - duration=3.05ms
2026-04-02 19:08:36,765 - INFO - Request started - request_id=1775149716-953c9e6b - method=GET - path=/users/me - status=0 - duration=0.00ms
2026-04-02 19:08:36,767 - INFO - Request completed - request_id=1775149716-953c9e6b - method=GET - path=/users/me - status=200 - duration=1.88ms
2026-04-02 19:08:36,769 - INFO - Request started - request_id=1775149716-d5c7346f - method=OPTIONS - path=/profile/targets - status=0 - duration=0.00ms
2026-04-02 19:08:36,769 - INFO - Request completed - request_id=1775149716-d5c7346f - method=OPTIONS - path=/profile/targets - status=200 - duration=0.15ms
2026-04-02 19:08:36,770 - INFO - Request started - request_id=1775149716-f1147dd3 - method=OPTIONS - path=/me/summary - status=0 - duration=0.00ms
2026-04-02 19:08:36,770 - INFO - Request completed - request_id=1775149716-f1147dd3 - method=OPTIONS - path=/me/summary - status=200 - duration=0.11ms
2026-04-02 19:08:36,770 - INFO - Request started - request_id=1775149716-fb02888c - method=OPTIONS - path=/me/meals - status=0 - duration=0.00ms
2026-04-02 19:08:36,770 - INFO - Request completed - request_id=1775149716-fb02888c - method=OPTIONS - path=/me/meals - status=200 - duration=0.10ms
2026-04-02 19:08:36,771 - INFO - Request started - request_id=1775149716-245b01a0 - method=GET - path=/me/summary - status=0 - duration=0.00ms
2026-04-02 19:08:36,771 - INFO - Request started - request_id=1775149716-c7f83c9c - method=GET - path=/profile/targets - status=0 - duration=0.00ms
2026-04-02 19:08:36,772 - INFO - Request started - request_id=1775149716-2a2da09c - method=GET - path=/me/meals - status=0 - duration=0.00ms
2026-04-02 19:08:36,779 - INFO - Request completed - request_id=1775149716-2a2da09c - method=GET - path=/me/meals - status=0 - duration=0.00ms
2026-04-02 19:08:36,782 - INFO - Request completed - request_id=1775149716-2a2da09c - method=GET - path=/me/meals - status=200 - duration=10.06ms
2026-04-02 19:08:36,783 - INFO - Request completed - request_id=1775149716-245b01a0 - method=GET - path=/me/summary - status=200 - duration=11.78ms
2026-04-02 19:08:36,808 - INFO - Request started - request_id=1775149716-29621c8c - method=GET - path=/users/me - status=0 - duration=0.00ms
2026-04-02 19:08:36,810 - INFO - Request completed - request_id=1775149716-29621c8c - method=GET - path=/users/me - status=200 - duration=1.98ms
2026-04-02 19:08:36,811 - INFO - Request started - request_id=1775149716-dad7040f - method=OPTIONS - path=/profile - status=0 - duration=0.00ms
2026-04-02 19:08:36,812 - INFO - Request completed - request_id=1775149716-dad7040f - method=OPTIONS - path=/profile - status=200 - duration=0.14ms
2026-04-02 19:08:36,812 - INFO - Request started - request_id=1775149716-068c8778 - method=GET - path=/profile - status=0 - duration=0.00ms
2026-04-02 19:08:36,815 - INFO - Request completed - request_id=1775149716-068c8778 - method=GET - path=/profile - status=200 - duration=2.06ms
2026-04-02 19:08:36,817 - INFO - Request started - request_id=1775149716-3f73abe6 - method=GET - path=/profile/targets - status=0 - duration=0.00ms
2026-04-02 19:08:36,819 - INFO - Request completed - request_id=1775149716-3f73abe6 - method=GET - path=/profile/targets - status=200 - duration=2.33ms
2026-04-02 19:08:37,043 - INFO - Request started - request_id=1775149717-66fb0826 - method=OPTIONS - path=/auth/login - status=0 - duration=0.00ms
2026-04-02 19:08:37,044 - INFO - Request completed - request_id=1775149717-66fb0826 - method=OPTIONS - path=/auth/login - status=200 - duration=0.16ms
2026-04-02 19:08:37,045 - INFO - Request started - request_id=1775149717-6b2b5142 - method=POST - path=/auth/login - status=0 - duration=0.00ms
2026-04-02 19:08:37,239 - INFO - Request completed - request_id=1775149717-6b2b5142 - method=POST - path=/auth/login - status=200 - duration=194.33ms
2026-04-02 19:08:37,260 - INFO - Request started - request_id=1775149717-aa393728 - method=OPTIONS - path=/users/me - status=0 - duration=0.00ms
2026-04-02 19:08:37,260 - INFO - Request completed - request_id=1775149717-aa393728 - method=OPTIONS - path=/users/me - status=200 - duration=0.21ms
2026-04-02 19:08:37,262 - INFO - Request started - request_id=1775149717-30e67a19 - method=GET - path=/users/me - status=0 - duration=0.00ms
2026-04-02 19:08:37,264 - INFO - Request completed - request_id=1775149717-30e67a19 - method=GET - path=/users/me - status=200 - duration=2.34ms
2026-04-02 19:08:37,266 - INFO - Request started - request_id=1775149717-de3c44e9 - method=OPTIONS - path=/me/meals - status=0 - duration=0.00ms
2026-04-02 19:08:37,267 - INFO - Request completed - request_id=1775149717-de3c44e9 - method=OPTIONS - path=/me/meals - status=200 - duration=0.15ms
2026-04-02 19:08:37,268 - INFO - Request started - request_id=1775149717-5a6d8aea - method=GET - path=/me/meals - status=0 - duration=0.00ms
2026-04-02 19:08:37,271 - INFO - Request completed - request_id=1775149717-5a6d8aea - method=GET - path=/me/meals - status=200 - duration=2.83ms
2026-04-02 19:08:37,300 - INFO - Request started - request_id=1775149717-9dfd5a0b - method=GET - path=/users/me - status=0 - duration=0.00ms
2026-04-02 19:08:37,302 - INFO - Request completed - request_id=1775149717-9dfd5a0b - method=GET - path=/users/me - status=200 - duration=2.49ms
2026-04-02 19:08:37,306 - INFO - Request started - request_id=1775149717-a5594332 - method=OPTIONS - path=/profile - status=0 - duration=0.00ms
2026-04-02 19:08:37,307 - INFO - Request completed - request_id=1775149717-a5594332 - method=OPTIONS - path=/profile - status=200 - duration=0.22ms
2026-04-02 19:08:37,308 - INFO - Request started - request_id=1775149717-e3e69186 - method=GET - path=/profile - status=0 - duration=0.00ms
2026-04-02 19:08:37,311 - INFO - Request completed - request_id=1775149717-e3e69186 - method=GET - path=/profile - status=200 - duration=2.71ms
2026-04-02 19:08:37,314 - INFO - Request started - request_id=1775149717-4f842d53 - method=OPTIONS - path=/profile/targets - status=0 - duration=0.00ms
2026-04-02 19:08:37,315 - INFO - Request completed - request_id=1775149717-4f842d53 - method=OPTIONS - path=/profile/targets - status=200 - duration=0.32ms
2026-04-02 19:08:37,316 - INFO - Request started - request_id=1775149717-8013327f - method=GET - path=/profile/targets - status=0 - duration=0.00ms
2026-04-02 19:08:37,319 - INFO - Request completed - request_id=1775149717-8013327f - method=GET - path=/profile/targets - status=200 - duration=2.12ms
2026-04-02 19:08:37,426 - INFO - Request started - request_id=1775149717-58dadfa0 - method=OPTIONS - path=/profile - status=0 - duration=0.00ms
2026-04-02 19:08:37,426 - INFO - Request completed - request_id=1775149717-58dadfa0 - method=OPTIONS - path=/profile - status=200 - duration=0.17ms
2026-04-02 19:08:37,427 - INFO - Request started - request_id=1775149717-7c21f1da - method=PUT - path=/profile - status=0 - duration=0.00ms
2026-04-02 19:08:37,436 - INFO - Request completed - request_id=1775149717-7c21f1da - method=PUT - path=/profile - status=200 - duration=8.62ms
2026-04-02 19:08:37,440 - INFO - Request started - request_id=1775149717-c984f930 - method=GET - path=/profile/targets - status=0 - duration=0.00ms
2026-04-02 19:08:37,442 - INFO - Request completed - request_id=1775149717-c984f930 - method=GET - path=/profile/targets - status=200 - duration=2.26ms
2026-04-02 19:08:37,780 - INFO - Request started - request_id=1775149717-e6bbc6d0 - method=OPTIONS - path=/auth/login - status=0 - duration=0.00ms
2026-04-02 19:08:37,780 - INFO - Request completed - request_id=1775149717-e6bbc6d0 - method=OPTIONS - path=/auth/login - status=200 - duration=0.27ms
2026-04-02 19:08:37,782 - INFO - Request started - request_id=1775149717-893aa332 - method=POST - path=/auth/login - status=0 - duration=0.00ms
2026-04-02 19:08:37,983 - INFO - Request completed - request_id=1775149717-893aa332 - method=POST - path=/auth/login - status=200 - duration=200.63ms
2026-04-02 19:08:38,006 - INFO - Request started - request_id=1775149718-7c28bc23 - method=OPTIONS - path=/users/me - status=0 - duration=0.00ms
2026-04-02 19:08:38,007 - INFO - Request completed - request_id=1775149718-7c28bc23 - method=OPTIONS - path=/users/me - status=200 - duration=0.27ms
2026-04-02 19:08:38,008 - INFO - Request started - request_id=1775149718-745be6f5 - method=GET - path=/users/me - status=0 - duration=0.00ms
2026-04-02 19:08:38,012 - INFO - Request completed - request_id=1775149718-745be6f5 - method=GET - path=/users/me - status=200 - duration=3.46ms
2026-04-02 19:08:38,015 - INFO - Request started - request_id=1775149718-653778be - method=OPTIONS - path=/me/meals - status=0 - duration=0.00ms
2026-04-02 19:08:38,016 - INFO - Request completed - request_id=1775149718-653778be - method=OPTIONS - path=/me/meals - status=200 - duration=0.23ms
2026-04-02 19:08:38,017 - INFO - Request started - request_id=1775149718-900c3766 - method=GET - path=/me/meals - status=0 - duration=0.00ms
2026-04-02 19:08:38,023 - INFO - Request completed - request_id=1775149718-900c3766 - method=GET - path=/me/meals - status=200 - duration=5.29ms
2026-04-02 19:08:38,127 - INFO - Request started - request_id=1775149718-4269fd57 - method=OPTIONS - path=/me/meals/text - status=0 - duration=0.00ms
2026-04-02 19:08:38,128 - INFO - Request completed - request_id=1775149718-4269fd57 - method=OPTIONS - path=/me/meals/text - status=200 - duration=0.18ms
2026-04-02 19:08:38,129 - INFO - Request started - request_id=1775149718-23ef162a - method=POST - path=/me/meals/text - status=0 - duration=0.00ms
2026-04-02 19:08:42,583 - INFO - Request completed - request_id=1775149718-23ef162a - method=POST - path=/me/meals/text - status=200 - duration=4454.33ms
2026-04-02 19:08:42,588 - INFO - Request started - request_id=1775149722-97942db8 - method=GET - path=/me/meals - status=0 - duration=0.00ms
2026-04-02 19:08:42,593 - INFO - Request completed - request_id=1775149722-97942db8 - method=GET - path=/me/meals - status=200 - duration=4.35ms
2026-04-02 19:08:43,075 - INFO - Request started - request_id=1775149723-8e95ab08 - method=OPTIONS - path=/me/meals/3 - status=0 - duration=0.00ms
2026-04-02 19:08:43,076 - INFO - Request completed - request_id=1775149723-8e95ab08 - method=OPTIONS - path=/me/meals/3 - status=200 - duration=0.16ms
2026-04-02 19:08:43,077 - INFO - Request started - request_id=1775149723-a9103328 - method=PUT - path=/me/meals/3 - status=0 - duration=0.00ms
2026-04-02 19:08:43,086 - INFO - Request completed - request_id=1775149723-a9103328 - method=PUT - path=/me/meals/3 - status=200 - duration=9.01ms
2026-04-02 19:08:43,091 - INFO - Request started - request_id=1775149723-a3c6d4bb - method=GET - path=/me/meals - status=0 - duration=0.00ms
2026-04-02 19:08:43,095 - INFO - Request completed - request_id=1775149723-a3c6d4bb - method=GET - path=/me/meals - status=200 - duration=3.17ms
2026-04-02 19:08:43,208 - INFO - Request started - request_id=1775149723-32144d6b - method=GET - path=/users/me - status=0 - duration=0.00ms
2026-04-02 19:08:43,210 - INFO - Request completed - request_id=1775149723-32144d6b - method=GET - path=/users/me - status=200 - duration=2.24ms
2026-04-02 19:08:43,213 - INFO - Request started - request_id=1775149723-3c6ea1d5 - method=OPTIONS - path=/me/meals - status=0 - duration=0.00ms
2026-04-02 19:08:43,214 - INFO - Request completed - request_id=1775149723-3c6ea1d5 - method=OPTIONS - path=/me/meals - status=200 - duration=0.18ms
2026-04-02 19:08:43,215 - INFO - Request started - request_id=1775149723-0a2f669b - method=GET - path=/me/meals - status=0 - duration=0.00ms
2026-04-02 19:08:43,218 - INFO - Request completed - request_id=1775149723-0a2f669b - method=GET - path=/me/meals - status=200 - duration=3.15ms
2026-04-02 19:08:43,258 - INFO - Request started - request_id=1775149723-a4b459d4 - method=GET - path=/me/meals - status=0 - duration=0.00ms
2026-04-02 19:08:43,262 - INFO - Request completed - request_id=1775149723-a4b459d4 - method=GET - path=/me/meals - status=200 - duration=3.75ms
2026-04-02 19:08:43,501 - INFO - Request started - request_id=1775149723-fc9669cc - method=OPTIONS - path=/auth/login - status=0 - duration=0.00ms
2026-04-02 19:08:43,502 - INFO - Request completed - request_id=1775149723-fc9669cc - method=OPTIONS - path=/auth/login - status=200 - duration=0.21ms
2026-04-02 19:08:43,503 - INFO - Request started - request_id=1775149723-5dcd672b - method=POST - path=/auth/login - status=0 - duration=0.00ms
2026-04-02 19:08:43,702 - INFO - Request completed - request_id=1775149723-5dcd672b - method=POST - path=/auth/login - status=200 - duration=198.40ms
2026-04-02 19:08:43,726 - INFO - Request started - request_id=1775149723-8c6faf0a - method=OPTIONS - path=/users/me - status=0 - duration=0.00ms
2026-04-02 19:08:43,727 - INFO - Request completed - request_id=1775149723-8c6faf0a - method=OPTIONS - path=/users/me - status=200 - duration=0.28ms
2026-04-02 19:08:43,728 - INFO - Request started - request_id=1775149723-2c1ad056 - method=GET - path=/users/me - status=0 - duration=0.00ms
2026-04-02 19:08:43,731 - INFO - Request completed - request_id=1775149723-2c1ad056 - method=GET - path=/users/me - status=200 - duration=2.94ms
2026-04-02 19:08:43,734 - INFO - Request started - request_id=1775149723-81e904ed - method=OPTIONS - path=/me/meals - status=0 - duration=0.00ms
2026-04-02 19:08:43,734 - INFO - Request completed - request_id=1775149723-81e904ed - method=OPTIONS - path=/me/meals - status=200 - duration=0.20ms
2026-04-02 19:08:43,736 - INFO - Request started - request_id=1775149723-0c7f0ed3 - method=GET - path=/me/meals - status=0 - duration=0.00ms
2026-04-02 19:08:43,740 - INFO - Request completed - request_id=1775149723-0c7f0ed3 - method=GET - path=/me/meals - status=200 - duration=4.12ms
2026-04-02 19:08:43,777 - INFO - Request started - request_id=1775149723-881bac68 - method=GET - path=/users/me - status=0 - duration=0.00ms
2026-04-02 19:08:43,779 - INFO - Request completed - request_id=1775149723-881bac68 - method=GET - path=/users/me - status=200 - duration=2.04ms
2026-04-02 19:08:43,782 - INFO - Request started - request_id=1775149723-cc57bbb4 - method=OPTIONS - path=/profile/targets - status=0 - duration=0.00ms
2026-04-02 19:08:43,782 - INFO - Request completed - request_id=1775149723-cc57bbb4 - method=OPTIONS - path=/profile/targets - status=200 - duration=0.24ms
2026-04-02 19:08:43,783 - INFO - Request started - request_id=1775149723-3a2d90ef - method=OPTIONS - path=/me/summary - status=0 - duration=0.00ms
2026-04-02 19:08:43,783 - INFO - Request completed - request_id=1775149723-3a2d90ef - method=OPTIONS - path=/me/summary - status=200 - duration=0.13ms
2026-04-02 19:08:43,783 - INFO - Request started - request_id=1775149723-158f61b6 - method=OPTIONS - path=/me/meals - status=0 - duration=0.00ms
2026-04-02 19:08:43,783 - INFO - Request completed - request_id=1775149723-158f61b6 - method=OPTIONS - path=/me/meals - status=200 - duration=0.10ms
2026-04-02 19:08:43,785 - INFO - Request started - request_id=1775149723-0470a7f7 - method=GET - path=/me/summary - status=0 - duration=0.00ms
2026-04-02 19:08:43,785 - INFO - Request started - request_id=1775149723-8b585683 - method=GET - path=/profile/targets - status=0 - duration=0.00ms
2026-04-02 19:08:43,786 - INFO - Request started - request_id=1775149723-cef42d4d - method=GET - path=/me/meals - status=0 - duration=0.00ms
2026-04-02 19:08:43,792 - INFO - Request completed - request_id=1775149723-cef42d4d - method=GET - path=/me/meals - status=0 - duration=0.00ms
2026-04-02 19:08:43,795 - INFO - Request completed - request_id=1775149723-cef42d4d - method=GET - path=/me/meals - status=200 - duration=9.68ms
2026-04-02 19:08:43,797 - INFO - Request completed - request_id=1775149723-0470a7f7 - method=GET - path=/me/summary - status=200 - duration=12.06ms
2026-04-02 19:08:50,485 - INFO - Request started - request_id=1775149730-6e9b3c8c - method=POST - path=/auth/register - status=0 - duration=0.00ms
2026-04-02 19:08:50,690 - INFO - Request completed - request_id=1775149730-6e9b3c8c - method=POST - path=/auth/register - status=200 - duration=204.83ms
2026-04-02 19:08:50,692 - INFO - Request started - request_id=1775149730-b61aa20d - method=POST - path=/auth/login - status=0 - duration=0.00ms
2026-04-02 19:08:50,880 - INFO - Request completed - request_id=1775149730-b61aa20d - method=POST - path=/auth/login - status=200 - duration=187.82ms
2026-04-02 19:08:50,881 - INFO - Request started - request_id=1775149730-106f5167 - method=GET - path=/users/me - status=0 - duration=0.00ms
2026-04-02 19:08:50,884 - INFO - Request completed - request_id=1775149730-106f5167 - method=GET - path=/users/me - status=200 - duration=3.56ms
2026-04-02 19:08:50,892 - INFO - Request started - request_id=1775149730-78282224 - method=POST - path=/auth/register - status=0 - duration=0.00ms
2026-04-02 19:08:51,084 - INFO - Request completed - request_id=1775149730-78282224 - method=POST - path=/auth/register - status=200 - duration=191.94ms
2026-04-02 19:08:51,085 - INFO - Request started - request_id=1775149731-a0eb3a4b - method=POST - path=/auth/login - status=0 - duration=0.00ms
2026-04-02 19:08:51,271 - INFO - Request completed - request_id=1775149731-a0eb3a4b - method=POST - path=/auth/login - status=200 - duration=185.84ms
2026-04-02 19:08:51,272 - INFO - Request started - request_id=1775149731-fbc75b43 - method=POST - path=/me/meals/text - status=0 - duration=0.00ms
2026-04-02 19:08:51,279 - INFO - Request completed - request_id=1775149731-fbc75b43 - method=POST - path=/me/meals/text - status=200 - duration=7.06ms
2026-04-02 19:08:51,280 - INFO - Request started - request_id=1775149731-e1de1760 - method=GET - path=/me/meals - status=0 - duration=0.00ms
2026-04-02 19:08:51,284 - INFO - Request completed - request_id=1775149731-e1de1760 - method=GET - path=/me/meals - status=200 - duration=4.12ms
2026-04-02 19:08:51,285 - INFO - Request started - request_id=1775149731-2ad81bc2 - method=GET - path=/me/summary - status=0 - duration=0.00ms
2026-04-02 19:08:51,288 - INFO - Request completed - request_id=1775149731-2ad81bc2 - method=GET - path=/me/summary - status=200 - duration=2.49ms
2026-04-02 19:08:51,289 - INFO - Request started - request_id=1775149731-619c4eaa - method=PUT - path=/me/meals/1 - status=0 - duration=0.00ms
2026-04-02 19:08:51,295 - INFO - Request completed - request_id=1775149731-619c4eaa - method=PUT - path=/me/meals/1 - status=200 - duration=6.34ms
2026-04-02 19:08:51,296 - INFO - Request started - request_id=1775149731-fe74dea5 - method=POST - path=/me/meals/1/reanalyze - status=0 - duration=0.00ms
2026-04-02 19:08:51,299 - INFO - Request completed - request_id=1775149731-fe74dea5 - method=POST - path=/me/meals/1/reanalyze - status=400 - duration=2.78ms
2026-04-02 19:08:51,300 - INFO - Request started - request_id=1775149731-4d9918ab - method=DELETE - path=/me/meals/1 - status=0 - duration=0.00ms
2026-04-02 19:08:51,305 - INFO - Request completed - request_id=1775149731-4d9918ab - method=DELETE - path=/me/meals/1 - status=204 - duration=5.32ms
2026-04-02 19:08:51,307 - INFO - Request started - request_id=1775149731-08854d40 - method=GET - path=/me/meals - status=0 - duration=0.00ms
2026-04-02 19:08:51,311 - INFO - Request completed - request_id=1775149731-08854d40 - method=GET - path=/me/meals - status=200 - duration=3.47ms
2026-04-02 19:08:51,321 - INFO - Request started - request_id=1775149731-4b22ea87 - method=POST - path=/auth/register - status=0 - duration=0.00ms
2026-04-02 19:08:51,519 - INFO - Request completed - request_id=1775149731-4b22ea87 - method=POST - path=/auth/register - status=200 - duration=198.49ms
2026-04-02 19:08:51,520 - INFO - Request started - request_id=1775149731-4e040789 - method=POST - path=/auth/login - status=0 - duration=0.00ms
2026-04-02 19:08:51,719 - INFO - Request completed - request_id=1775149731-4e040789 - method=POST - path=/auth/login - status=200 - duration=198.90ms
2026-04-02 19:08:51,720 - INFO - Request started - request_id=1775149731-3167b764 - method=POST - path=/me/meals - status=0 - duration=0.00ms
2026-04-02 19:08:51,726 - INFO - Request completed - request_id=1775149731-3167b764 - method=POST - path=/me/meals - status=200 - duration=5.57ms
2026-04-02 19:08:51,727 - INFO - Request started - request_id=1775149731-7d64c06f - method=POST - path=/me/meals/1/reanalyze - status=0 - duration=0.00ms
2026-04-02 19:08:51,733 - INFO - Request completed - request_id=1775149731-7d64c06f - method=POST - path=/me/meals/1/reanalyze - status=200 - duration=5.58ms
2026-04-02 19:08:51,743 - INFO - Request started - request_id=1775149731-160a0e5f - method=POST - path=/auth/register - status=0 - duration=0.00ms
2026-04-02 19:08:51,941 - INFO - Request completed - request_id=1775149731-160a0e5f - method=POST - path=/auth/register - status=200 - duration=198.26ms
2026-04-02 19:08:51,942 - INFO - Request started - request_id=1775149731-0190a1d0 - method=POST - path=/auth/login - status=0 - duration=0.00ms
2026-04-02 19:08:52,131 - INFO - Request completed - request_id=1775149731-0190a1d0 - method=POST - path=/auth/login - status=200 - duration=188.55ms
2026-04-02 19:08:52,132 - INFO - Request started - request_id=1775149732-f6729c05 - method=POST - path=/auth/register - status=0 - duration=0.00ms
2026-04-02 19:08:52,320 - INFO - Request completed - request_id=1775149732-f6729c05 - method=POST - path=/auth/register - status=200 - duration=188.24ms
2026-04-02 19:08:52,321 - INFO - Request started - request_id=1775149732-9c0e1638 - method=POST - path=/auth/login - status=0 - duration=0.00ms
2026-04-02 19:08:52,511 - INFO - Request completed - request_id=1775149732-9c0e1638 - method=POST - path=/auth/login - status=200 - duration=189.27ms
2026-04-02 19:08:52,512 - INFO - Request started - request_id=1775149732-0b785239 - method=POST - path=/me/meals/text - status=0 - duration=0.00ms
2026-04-02 19:08:52,517 - INFO - Request completed - request_id=1775149732-0b785239 - method=POST - path=/me/meals/text - status=200 - duration=5.41ms
2026-04-02 19:08:52,518 - INFO - Request started - request_id=1775149732-c845bf88 - method=DELETE - path=/me/meals/1 - status=0 - duration=0.00ms
2026-04-02 19:08:52,521 - INFO - Request completed - request_id=1775149732-c845bf88 - method=DELETE - path=/me/meals/1 - status=404 - duration=2.89ms
2026-04-02 19:08:52,531 - INFO - Request started - request_id=1775149732-a41e5692 - method=POST - path=/auth/register - status=0 - duration=0.00ms
2026-04-02 19:08:52,726 - INFO - Request completed - request_id=1775149732-a41e5692 - method=POST - path=/auth/register - status=200 - duration=194.62ms
2026-04-02 19:08:52,727 - INFO - Request started - request_id=1775149732-2b23b2d8 - method=POST - path=/auth/login - status=0 - duration=0.00ms
2026-04-02 19:08:52,912 - INFO - Request completed - request_id=1775149732-2b23b2d8 - method=POST - path=/auth/login - status=200 - duration=185.30ms
2026-04-02 19:08:52,913 - INFO - Request started - request_id=1775149732-326b51ed - method=POST - path=/profile - status=0 - duration=0.00ms
2026-04-02 19:08:52,922 - INFO - Request completed - request_id=1775149732-326b51ed - method=POST - path=/profile - status=201 - duration=9.30ms
2026-04-02 19:08:52,923 - INFO - Request started - request_id=1775149732-7e7332e6 - method=GET - path=/profile/targets - status=0 - duration=0.00ms
2026-04-02 19:08:52,925 - INFO - Request completed - request_id=1775149732-7e7332e6 - method=GET - path=/profile/targets - status=200 - duration=1.58ms
2026-04-02 19:08:52,926 - INFO - Request started - request_id=1775149732-b3a027b4 - method=PUT - path=/profile - status=0 - duration=0.00ms
2026-04-02 19:08:52,930 - INFO - Request completed - request_id=1775149732-b3a027b4 - method=PUT - path=/profile - status=200 - duration=4.37ms
2026-04-02 19:08:52,931 - INFO - Request started - request_id=1775149732-165c0996 - method=GET - path=/profile/targets - status=0 - duration=0.00ms
2026-04-02 19:08:52,932 - INFO - Request completed - request_id=1775149732-165c0996 - method=GET - path=/profile/targets - status=200 - duration=1.43ms
2026-04-02 19:08:52,939 - INFO - Request started - request_id=1775149732-49969c6e - method=POST - path=/auth/register - status=0 - duration=0.00ms
2026-04-02 19:08:53,131 - INFO - Request completed - request_id=1775149732-49969c6e - method=POST - path=/auth/register - status=200 - duration=191.90ms
2026-04-02 19:08:53,133 - INFO - Request started - request_id=1775149733-2239789a - method=POST - path=/auth/login - status=0 - duration=0.00ms
2026-04-02 19:08:53,319 - INFO - Request completed - request_id=1775149733-2239789a - method=POST - path=/auth/login - status=200 - duration=186.57ms
2026-04-02 19:08:53,320 - INFO - Request started - request_id=1775149733-5fb2982f - method=POST - path=/profile - status=0 - duration=0.00ms
2026-04-02 19:08:53,325 - INFO - Request completed - request_id=1775149733-5fb2982f - method=POST - path=/profile - status=201 - duration=4.88ms
2026-04-02 19:08:53,326 - INFO - Request started - request_id=1775149733-43fb9deb - method=PUT - path=/profile - status=0 - duration=0.00ms
2026-04-02 19:08:53,329 - INFO - Request completed - request_id=1775149733-43fb9deb - method=PUT - path=/profile - status=200 - duration=2.58ms
2026-04-02 19:08:53,329 - INFO - Request started - request_id=1775149733-c60a020a - method=GET - path=/profile/targets - status=0 - duration=0.00ms
2026-04-02 19:08:53,331 - INFO - Request completed - request_id=1775149733-c60a020a - method=GET - path=/profile/targets - status=404 - duration=1.48ms
2026-04-02 19:35:20,161 - INFO - Request started - request_id=1775151320-10557173 - method=OPTIONS - path=/users/me - status=0 - duration=0.00ms
2026-04-02 19:35:20,163 - INFO - Request completed - request_id=1775151320-10557173 - method=OPTIONS - path=/users/me - status=200 - duration=0.19ms
2026-04-02 19:35:20,164 - INFO - Request started - request_id=1775151320-8e790e68 - method=GET - path=/users/me - status=0 - duration=0.00ms
2026-04-02 19:35:20,169 - INFO - Request completed - request_id=1775151320-8e790e68 - method=GET - path=/users/me - status=200 - duration=4.82ms
2026-04-02 19:35:20,173 - INFO - Request started - request_id=1775151320-94cfb9ab - method=OPTIONS - path=/me/meals - status=0 - duration=0.00ms
2026-04-02 19:35:20,173 - INFO - Request completed - request_id=1775151320-94cfb9ab - method=OPTIONS - path=/me/meals - status=200 - duration=0.12ms
2026-04-02 19:35:20,174 - INFO - Request started - request_id=1775151320-79ff442f - method=GET - path=/me/meals - status=0 - duration=0.00ms
2026-04-02 19:35:20,178 - INFO - Request completed - request_id=1775151320-79ff442f - method=GET - path=/me/meals - status=200 - duration=3.50ms
2026-04-02 19:35:25,399 - INFO - Request started - request_id=1775151325-c820a279 - method=GET - path=/users/me - status=0 - duration=0.00ms
2026-04-02 19:35:25,401 - INFO - Request completed - request_id=1775151325-c820a279 - method=GET - path=/users/me - status=200 - duration=2.23ms
2026-04-02 19:35:25,403 - INFO - Request started - request_id=1775151325-581e71ea - method=OPTIONS - path=/me/meals - status=0 - duration=0.00ms
2026-04-02 19:35:25,403 - INFO - Request completed - request_id=1775151325-581e71ea - method=OPTIONS - path=/me/meals - status=200 - duration=0.16ms
2026-04-02 19:35:25,404 - INFO - Request started - request_id=1775151325-43eadcf8 - method=GET - path=/me/meals - status=0 - duration=0.00ms
2026-04-02 19:35:25,408 - INFO - Request completed - request_id=1775151325-43eadcf8 - method=GET - path=/me/meals - status=200 - duration=3.11ms
2026-04-02 19:35:29,785 - INFO - Request started - request_id=1775151329-ceb88d1e - method=GET - path=/users/me - status=0 - duration=0.00ms
2026-04-02 19:35:29,788 - INFO - Request completed - request_id=1775151329-ceb88d1e - method=GET - path=/users/me - status=200 - duration=2.66ms
2026-04-02 19:35:29,790 - INFO - Request started - request_id=1775151329-f8ba13d5 - method=GET - path=/me/meals - status=0 - duration=0.00ms
2026-04-02 19:35:29,793 - INFO - Request completed - request_id=1775151329-f8ba13d5 - method=GET - path=/me/meals - status=200 - duration=3.23ms
2026-04-02 19:35:34,793 - INFO - Request started - request_id=1775151334-228a534a - method=GET - path=/users/me - status=0 - duration=0.00ms
2026-04-02 19:35:34,796 - INFO - Request completed - request_id=1775151334-228a534a - method=GET - path=/users/me - status=200 - duration=2.57ms
2026-04-02 19:35:34,800 - INFO - Request started - request_id=1775151334-503571ac - method=GET - path=/me/meals - status=0 - duration=0.00ms
2026-04-02 19:35:34,803 - INFO - Request completed - request_id=1775151334-503571ac - method=GET - path=/me/meals - status=200 - duration=3.23ms
2026-04-02 19:35:39,259 - INFO - Request started - request_id=1775151339-78a18cbd - method=GET - path=/users/me - status=0 - duration=0.00ms
2026-04-02 19:35:39,263 - INFO - Request completed - request_id=1775151339-78a18cbd - method=GET - path=/users/me - status=200 - duration=3.47ms
2026-04-02 19:35:39,268 - INFO - Request started - request_id=1775151339-84575643 - method=OPTIONS - path=/profile/targets - status=0 - duration=0.00ms
2026-04-02 19:35:39,268 - INFO - Request completed - request_id=1775151339-84575643 - method=OPTIONS - path=/profile/targets - status=200 - duration=0.19ms
2026-04-02 19:35:39,270 - INFO - Request started - request_id=1775151339-2ef2a67f - method=OPTIONS - path=/me/summary - status=0 - duration=0.00ms
2026-04-02 19:35:39,270 - INFO - Request completed - request_id=1775151339-2ef2a67f - method=OPTIONS - path=/me/summary - status=200 - duration=0.17ms
2026-04-02 19:35:39,272 - INFO - Request started - request_id=1775151339-314a2a1e - method=OPTIONS - path=/me/meals - status=0 - duration=0.00ms
2026-04-02 19:35:39,272 - INFO - Request completed - request_id=1775151339-314a2a1e - method=OPTIONS - path=/me/meals - status=200 - duration=0.13ms
2026-04-02 19:35:39,273 - INFO - Request started - request_id=1775151339-974b9246 - method=GET - path=/profile/targets - status=0 - duration=0.00ms
2026-04-02 19:35:39,276 - INFO - Request completed - request_id=1775151339-974b9246 - method=GET - path=/profile/targets - status=200 - duration=2.66ms
2026-04-02 19:35:39,277 - INFO - Request started - request_id=1775151339-587d95f1 - method=GET - path=/me/summary - status=0 - duration=0.00ms
2026-04-02 19:35:39,280 - INFO - Request completed - request_id=1775151339-587d95f1 - method=GET - path=/me/summary - status=200 - duration=2.62ms
2026-04-02 19:35:39,280 - INFO - Request started - request_id=1775151339-02346250 - method=GET - path=/me/meals - status=0 - duration=0.00ms
2026-04-02 19:35:39,283 - INFO - Request completed - request_id=1775151339-02346250 - method=GET - path=/me/meals - status=200 - duration=2.61ms
2026-04-02 19:35:48,611 - INFO - Request started - request_id=1775151348-f661bb22 - method=GET - path=/users/me - status=0 - duration=0.00ms
2026-04-02 19:35:48,613 - INFO - Request completed - request_id=1775151348-f661bb22 - method=GET - path=/users/me - status=200 - duration=2.32ms
2026-04-02 19:35:48,615 - INFO - Request started - request_id=1775151348-5bd954da - method=OPTIONS - path=/profile - status=0 - duration=0.00ms
2026-04-02 19:35:48,616 - INFO - Request completed - request_id=1775151348-5bd954da - method=OPTIONS - path=/profile - status=200 - duration=0.17ms
2026-04-02 19:35:48,617 - INFO - Request started - request_id=1775151348-fa2f1200 - method=GET - path=/profile - status=0 - duration=0.00ms
2026-04-02 19:35:48,621 - INFO - Request completed - request_id=1775151348-fa2f1200 - method=GET - path=/profile - status=200 - duration=3.48ms
2026-04-02 19:35:48,623 - INFO - Request started - request_id=1775151348-67e2e018 - method=GET - path=/profile/targets - status=0 - duration=0.00ms
2026-04-02 19:35:48,625 - INFO - Request completed - request_id=1775151348-67e2e018 - method=GET - path=/profile/targets - status=200 - duration=2.69ms
2026-04-02 19:35:57,607 - INFO - Request started - request_id=1775151357-a237bd62 - method=GET - path=/users/me - status=0 - duration=0.00ms
2026-04-02 19:35:57,609 - INFO - Request completed - request_id=1775151357-a237bd62 - method=GET - path=/users/me - status=200 - duration=2.24ms
2026-04-02 19:35:57,615 - INFO - Request started - request_id=1775151357-623b6a4c - method=GET - path=/profile/targets - status=0 - duration=0.00ms
2026-04-02 19:35:57,615 - INFO - Request started - request_id=1775151357-8aed5225 - method=GET - path=/me/summary - status=0 - duration=0.00ms
2026-04-02 19:35:57,616 - INFO - Request started - request_id=1775151357-f98148a6 - method=GET - path=/me/meals - status=0 - duration=0.00ms
2026-04-02 19:35:57,622 - INFO - Request completed - request_id=1775151357-f98148a6 - method=GET - path=/me/meals - status=0 - duration=0.00ms
2026-04-02 19:35:57,625 - INFO - Request completed - request_id=1775151357-f98148a6 - method=GET - path=/me/meals - status=200 - duration=9.68ms
2026-04-02 19:35:57,626 - INFO - Request completed - request_id=1775151357-8aed5225 - method=GET - path=/me/summary - status=200 - duration=10.67ms
2026-04-02 19:36:01,606 - INFO - Request started - request_id=1775151361-6c80a461 - method=GET - path=/users/me - status=0 - duration=0.00ms
2026-04-02 19:36:01,609 - INFO - Request completed - request_id=1775151361-6c80a461 - method=GET - path=/users/me - status=200 - duration=3.02ms
2026-04-02 19:36:01,614 - INFO - Request started - request_id=1775151361-1ac1f731 - method=GET - path=/me/meals - status=0 - duration=0.00ms
2026-04-02 19:36:01,618 - INFO - Request completed - request_id=1775151361-1ac1f731 - method=GET - path=/me/meals - status=200 - duration=3.71ms
2026-04-02 19:37:44,396 - INFO - Request started - request_id=1775151464-affb66c7 - method=OPTIONS - path=/me/meals - status=0 - duration=0.00ms
2026-04-02 19:37:44,396 - INFO - Request completed - request_id=1775151464-affb66c7 - method=OPTIONS - path=/me/meals - status=200 - duration=0.14ms
2026-04-02 19:37:44,398 - INFO - Request started - request_id=1775151464-0745fb15 - method=POST - path=/me/meals - status=0 - duration=0.00ms
2026-04-02 19:37:47,994 - INFO - Request completed - request_id=1775151464-0745fb15 - method=POST - path=/me/meals - status=200 - duration=3595.50ms
2026-04-02 19:38:16,296 - INFO - Request started - request_id=1775151496-235b9cfa - method=GET - path=/users/me - status=0 - duration=0.00ms
2026-04-02 19:38:16,299 - INFO - Request completed - request_id=1775151496-235b9cfa - method=GET - path=/users/me - status=200 - duration=2.71ms
2026-04-02 19:38:16,305 - INFO - Request started - request_id=1775151496-cf9a00ba - method=GET - path=/profile - status=0 - duration=0.00ms
2026-04-02 19:38:16,307 - INFO - Request completed - request_id=1775151496-cf9a00ba - method=GET - path=/profile - status=200 - duration=2.53ms
2026-04-02 19:38:16,309 - INFO - Request started - request_id=1775151496-d07af69d - method=GET - path=/profile/targets - status=0 - duration=0.00ms
2026-04-02 19:38:16,311 - INFO - Request completed - request_id=1775151496-d07af69d - method=GET - path=/profile/targets - status=200 - duration=2.26ms
2026-04-02 19:38:20,172 - INFO - Request started - request_id=1775151500-1ef5777f - method=GET - path=/users/me - status=0 - duration=0.00ms
2026-04-02 19:38:20,177 - INFO - Request completed - request_id=1775151500-1ef5777f - method=GET - path=/users/me - status=200 - duration=4.52ms
2026-04-02 19:38:20,178 - INFO - Request started - request_id=1775151500-a4b659cd - method=GET - path=/me/meals - status=0 - duration=0.00ms
2026-04-02 19:38:20,181 - INFO - Request completed - request_id=1775151500-a4b659cd - method=GET - path=/me/meals - status=200 - duration=2.85ms
2026-04-02 19:38:30,658 - INFO - Request started - request_id=1775151510-b3e9bab3 - method=OPTIONS - path=/users/me - status=0 - duration=0.00ms
2026-04-02 19:38:30,659 - INFO - Request completed - request_id=1775151510-b3e9bab3 - method=OPTIONS - path=/users/me - status=200 - duration=0.19ms
2026-04-02 19:38:30,660 - INFO - Request started - request_id=1775151510-cb953f83 - method=GET - path=/users/me - status=0 - duration=0.00ms
2026-04-02 19:38:30,662 - INFO - Request completed - request_id=1775151510-cb953f83 - method=GET - path=/users/me - status=200 - duration=2.09ms
2026-04-02 19:38:30,664 - INFO - Request started - request_id=1775151510-230467f4 - method=OPTIONS - path=/me/meals - status=0 - duration=0.00ms
2026-04-02 19:38:30,665 - INFO - Request completed - request_id=1775151510-230467f4 - method=OPTIONS - path=/me/meals - status=200 - duration=0.15ms
2026-04-02 19:38:30,666 - INFO - Request started - request_id=1775151510-1ec518d9 - method=GET - path=/me/meals - status=0 - duration=0.00ms
2026-04-02 19:38:30,669 - INFO - Request completed - request_id=1775151510-1ec518d9 - method=GET - path=/me/meals - status=200 - duration=2.86ms
2026-04-02 19:38:42,435 - INFO - Request started - request_id=1775151522-d9c2404f - method=OPTIONS - path=/users/me - status=0 - duration=0.00ms
2026-04-02 19:38:42,435 - INFO - Request completed - request_id=1775151522-d9c2404f - method=OPTIONS - path=/users/me - status=200 - duration=0.18ms
2026-04-02 19:38:42,437 - INFO - Request started - request_id=1775151522-7a37ad73 - method=GET - path=/users/me - status=0 - duration=0.00ms
2026-04-02 19:38:42,440 - INFO - Request completed - request_id=1775151522-7a37ad73 - method=GET - path=/users/me - status=200 - duration=3.13ms
2026-04-02 19:38:42,443 - INFO - Request started - request_id=1775151522-fc2b9fd6 - method=OPTIONS - path=/me/meals - status=0 - duration=0.00ms
2026-04-02 19:38:42,443 - INFO - Request completed - request_id=1775151522-fc2b9fd6 - method=OPTIONS - path=/me/meals - status=200 - duration=0.17ms
2026-04-02 19:38:42,444 - INFO - Request started - request_id=1775151522-e767259f - method=GET - path=/me/meals - status=0 - duration=0.00ms
2026-04-02 19:38:42,448 - INFO - Request completed - request_id=1775151522-e767259f - method=GET - path=/me/meals - status=200 - duration=3.88ms
2026-04-02 19:40:22,563 - INFO - Request started - request_id=1775151622-412525b2 - method=OPTIONS - path=/users/me - status=0 - duration=0.00ms
2026-04-02 19:40:22,564 - INFO - Request completed - request_id=1775151622-412525b2 - method=OPTIONS - path=/users/me - status=200 - duration=0.25ms
2026-04-02 19:40:22,565 - INFO - Request started - request_id=1775151622-a8147ebb - method=GET - path=/users/me - status=0 - duration=0.00ms
2026-04-02 19:40:22,568 - INFO - Request completed - request_id=1775151622-a8147ebb - method=GET - path=/users/me - status=200 - duration=2.50ms
2026-04-02 19:40:22,570 - INFO - Request started - request_id=1775151622-ebf1cd51 - method=OPTIONS - path=/me/meals - status=0 - duration=0.00ms
2026-04-02 19:40:22,571 - INFO - Request completed - request_id=1775151622-ebf1cd51 - method=OPTIONS - path=/me/meals - status=200 - duration=0.22ms
2026-04-02 19:40:22,573 - INFO - Request started - request_id=1775151622-99363226 - method=GET - path=/me/meals - status=0 - duration=0.00ms
2026-04-02 19:40:22,577 - INFO - Request completed - request_id=1775151622-99363226 - method=GET - path=/me/meals - status=200 - duration=3.33ms
2026-04-02 19:40:22,889 - INFO - Request started - request_id=1775151622-5e621123 - method=GET - path=/uploads/1/41788bd2-f896-444b-8203-5b1ae3766566.webp - status=0 - duration=0.00ms
2026-04-02 19:40:22,893 - INFO - Request completed - request_id=1775151622-5e621123 - method=GET - path=/uploads/1/41788bd2-f896-444b-8203-5b1ae3766566.webp - status=200 - duration=3.82ms
2026-04-02 19:40:26,301 - INFO - Request started - request_id=1775151626-3bbc835f - method=GET - path=/uploads/1/41788bd2-f896-444b-8203-5b1ae3766566.webp - status=0 - duration=0.00ms
2026-04-02 19:40:26,303 - INFO - Request completed - request_id=1775151626-3bbc835f - method=GET - path=/uploads/1/41788bd2-f896-444b-8203-5b1ae3766566.webp - status=200 - duration=1.20ms
2026-04-02 19:40:41,056 - INFO - Request started - request_id=1775151641-c815b4c1 - method=OPTIONS - path=/users/me - status=0 - duration=0.00ms
2026-04-02 19:40:41,057 - INFO - Request completed - request_id=1775151641-c815b4c1 - method=OPTIONS - path=/users/me - status=200 - duration=0.31ms
2026-04-02 19:40:41,058 - INFO - Request started - request_id=1775151641-753bdf44 - method=GET - path=/users/me - status=0 - duration=0.00ms
2026-04-02 19:40:41,061 - INFO - Request completed - request_id=1775151641-753bdf44 - method=GET - path=/users/me - status=200 - duration=2.43ms
2026-04-02 19:40:41,063 - INFO - Request started - request_id=1775151641-488ece41 - method=OPTIONS - path=/profile - status=0 - duration=0.00ms
2026-04-02 19:40:41,063 - INFO - Request completed - request_id=1775151641-488ece41 - method=OPTIONS - path=/profile - status=200 - duration=0.19ms
2026-04-02 19:40:41,065 - INFO - Request started - request_id=1775151641-b3036824 - method=GET - path=/profile - status=0 - duration=0.00ms
2026-04-02 19:40:41,067 - INFO - Request completed - request_id=1775151641-b3036824 - method=GET - path=/profile - status=200 - duration=2.70ms
2026-04-02 19:40:41,070 - INFO - Request started - request_id=1775151641-e6ae3bd3 - method=OPTIONS - path=/profile/targets - status=0 - duration=0.00ms
2026-04-02 19:40:41,071 - INFO - Request completed - request_id=1775151641-e6ae3bd3 - method=OPTIONS - path=/profile/targets - status=200 - duration=0.19ms
2026-04-02 19:40:41,072 - INFO - Request started - request_id=1775151641-9bf1ac27 - method=GET - path=/profile/targets - status=0 - duration=0.00ms
2026-04-02 19:40:41,074 - INFO - Request completed - request_id=1775151641-9bf1ac27 - method=GET - path=/profile/targets - status=200 - duration=2.28ms
2026-04-02 19:40:47,965 - INFO - Request started - request_id=1775151647-03a97b3e - method=OPTIONS - path=/users/me - status=0 - duration=0.00ms
2026-04-02 19:40:47,966 - INFO - Request completed - request_id=1775151647-03a97b3e - method=OPTIONS - path=/users/me - status=200 - duration=0.17ms
2026-04-02 19:40:47,968 - INFO - Request started - request_id=1775151647-d05fa24f - method=GET - path=/users/me - status=0 - duration=0.00ms
2026-04-02 19:40:47,970 - INFO - Request completed - request_id=1775151647-d05fa24f - method=GET - path=/users/me - status=200 - duration=2.27ms
2026-04-02 19:40:47,972 - INFO - Request started - request_id=1775151647-687667aa - method=OPTIONS - path=/profile - status=0 - duration=0.00ms
2026-04-02 19:40:47,973 - INFO - Request completed - request_id=1775151647-687667aa - method=OPTIONS - path=/profile - status=200 - duration=0.20ms
2026-04-02 19:40:47,974 - INFO - Request started - request_id=1775151647-653ec76d - method=GET - path=/profile - status=0 - duration=0.00ms
2026-04-02 19:40:47,978 - INFO - Request completed - request_id=1775151647-653ec76d - method=GET - path=/profile - status=200 - duration=2.99ms
2026-04-02 19:40:47,981 - INFO - Request started - request_id=1775151647-f3d49230 - method=OPTIONS - path=/profile/targets - status=0 - duration=0.00ms
2026-04-02 19:40:47,982 - INFO - Request completed - request_id=1775151647-f3d49230 - method=OPTIONS - path=/profile/targets - status=200 - duration=0.20ms
2026-04-02 19:40:47,984 - INFO - Request started - request_id=1775151647-66a5fac7 - method=GET - path=/profile/targets - status=0 - duration=0.00ms
2026-04-02 19:40:47,988 - INFO - Request completed - request_id=1775151647-66a5fac7 - method=GET - path=/profile/targets - status=200 - duration=3.55ms
2026-04-02 19:40:53,433 - INFO - Request started - request_id=1775151653-6adc6e2b - method=OPTIONS - path=/users/me - status=0 - duration=0.00ms
2026-04-02 19:40:53,433 - INFO - Request completed - request_id=1775151653-6adc6e2b - method=OPTIONS - path=/users/me - status=200 - duration=0.18ms
2026-04-02 19:40:53,434 - INFO - Request started - request_id=1775151653-e90b3dc6 - method=GET - path=/users/me - status=0 - duration=0.00ms
2026-04-02 19:40:53,436 - INFO - Request completed - request_id=1775151653-e90b3dc6 - method=GET - path=/users/me - status=200 - duration=1.80ms
2026-04-02 19:40:53,439 - INFO - Request started - request_id=1775151653-f2d275f1 - method=OPTIONS - path=/profile - status=0 - duration=0.00ms
2026-04-02 19:40:53,440 - INFO - Request completed - request_id=1775151653-f2d275f1 - method=OPTIONS - path=/profile - status=200 - duration=0.20ms
2026-04-02 19:40:53,441 - INFO - Request started - request_id=1775151653-2d948d0a - method=GET - path=/profile - status=0 - duration=0.00ms
2026-04-02 19:40:53,443 - INFO - Request completed - request_id=1775151653-2d948d0a - method=GET - path=/profile - status=200 - duration=2.49ms
2026-04-02 19:40:53,445 - INFO - Request started - request_id=1775151653-6020536e - method=OPTIONS - path=/profile/targets - status=0 - duration=0.00ms
2026-04-02 19:40:53,446 - INFO - Request completed - request_id=1775151653-6020536e - method=OPTIONS - path=/profile/targets - status=200 - duration=0.15ms
2026-04-02 19:40:53,447 - INFO - Request started - request_id=1775151653-ccb769db - method=GET - path=/profile/targets - status=0 - duration=0.00ms
2026-04-02 19:40:53,449 - INFO - Request completed - request_id=1775151653-ccb769db - method=GET - path=/profile/targets - status=200 - duration=2.28ms
2026-04-02 19:41:06,961 - INFO - Request started - request_id=1775151666-d6715622 - method=OPTIONS - path=/users/me - status=0 - duration=0.00ms
2026-04-02 19:41:06,961 - INFO - Request completed - request_id=1775151666-d6715622 - method=OPTIONS - path=/users/me - status=200 - duration=0.22ms
2026-04-02 19:41:06,963 - INFO - Request started - request_id=1775151666-9f5b2f7f - method=GET - path=/users/me - status=0 - duration=0.00ms
2026-04-02 19:41:06,967 - INFO - Request completed - request_id=1775151666-9f5b2f7f - method=GET - path=/users/me - status=200 - duration=3.67ms
2026-04-02 19:41:06,969 - INFO - Request started - request_id=1775151666-8dfa0766 - method=OPTIONS - path=/me/meals - status=0 - duration=0.00ms
2026-04-02 19:41:06,969 - INFO - Request completed - request_id=1775151666-8dfa0766 - method=OPTIONS - path=/me/meals - status=200 - duration=0.16ms
2026-04-02 19:41:06,971 - INFO - Request started - request_id=1775151666-63aad80e - method=GET - path=/me/meals - status=0 - duration=0.00ms
2026-04-02 19:41:06,974 - INFO - Request completed - request_id=1775151666-63aad80e - method=GET - path=/me/meals - status=200 - duration=3.24ms
2026-04-02 19:41:06,977 - INFO - Request started - request_id=1775151666-8e68ab37 - method=GET - path=/uploads/1/41788bd2-f896-444b-8203-5b1ae3766566.webp - status=0 - duration=0.00ms
2026-04-02 19:41:06,979 - INFO - Request completed - request_id=1775151666-8e68ab37 - method=GET - path=/uploads/1/41788bd2-f896-444b-8203-5b1ae3766566.webp - status=200 - duration=1.67ms
2026-04-02 19:41:32,146 - INFO - Request started - request_id=1775151692-88f46951 - method=OPTIONS - path=/users/me - status=0 - duration=0.00ms
2026-04-02 19:41:32,147 - INFO - Request completed - request_id=1775151692-88f46951 - method=OPTIONS - path=/users/me - status=200 - duration=0.23ms
2026-04-02 19:41:32,148 - INFO - Request started - request_id=1775151692-87195af7 - method=GET - path=/users/me - status=0 - duration=0.00ms
2026-04-02 19:41:32,153 - INFO - Request completed - request_id=1775151692-87195af7 - method=GET - path=/users/me - status=200 - duration=4.51ms
2026-04-02 19:41:32,156 - INFO - Request started - request_id=1775151692-6339b1d7 - method=OPTIONS - path=/me/meals - status=0 - duration=0.00ms
2026-04-02 19:41:32,156 - INFO - Request completed - request_id=1775151692-6339b1d7 - method=OPTIONS - path=/me/meals - status=200 - duration=0.30ms
2026-04-02 19:41:32,158 - INFO - Request started - request_id=1775151692-00fad7fd - method=GET - path=/me/meals - status=0 - duration=0.00ms
2026-04-02 19:41:32,163 - INFO - Request completed - request_id=1775151692-00fad7fd - method=GET - path=/me/meals - status=200 - duration=4.93ms
2026-04-02 19:41:32,476 - INFO - Request started - request_id=1775151692-1501d070 - method=GET - path=/uploads/1/41788bd2-f896-444b-8203-5b1ae3766566.webp - status=0 - duration=0.00ms
2026-04-02 19:41:32,478 - INFO - Request completed - request_id=1775151692-1501d070 - method=GET - path=/uploads/1/41788bd2-f896-444b-8203-5b1ae3766566.webp - status=200 - duration=1.46ms
2026-04-02 19:41:50,912 - INFO - Request started - request_id=1775151710-1af0b841 - method=GET - path=/ - status=0 - duration=0.00ms
2026-04-02 19:41:50,913 - INFO - Request completed - request_id=1775151710-1af0b841 - method=GET - path=/ - status=404 - duration=0.26ms
2026-04-02 19:41:50,949 - INFO - Request started - request_id=1775151710-814b131c - method=GET - path=/favicon.ico - status=0 - duration=0.00ms
2026-04-02 19:41:50,949 - INFO - Request completed - request_id=1775151710-814b131c - method=GET - path=/favicon.ico - status=404 - duration=0.27ms
2026-04-02 19:41:56,512 - INFO - Request started - request_id=1775151716-c1c2dd38 - method=GET - path=/me/meals - status=0 - duration=0.00ms
2026-04-02 19:41:56,514 - INFO - Request completed - request_id=1775151716-c1c2dd38 - method=GET - path=/me/meals - status=401 - duration=1.42ms
2026-04-02 19:42:02,958 - INFO - Request started - request_id=1775151722-231d4b9c - method=OPTIONS - path=/auth/login - status=0 - duration=0.00ms
2026-04-02 19:42:02,959 - INFO - Request completed - request_id=1775151722-231d4b9c - method=OPTIONS - path=/auth/login - status=200 - duration=0.18ms
2026-04-02 19:42:02,959 - INFO - Request started - request_id=1775151722-82f3213c - method=POST - path=/auth/login - status=0 - duration=0.00ms
2026-04-02 19:42:03,160 - INFO - Request completed - request_id=1775151722-82f3213c - method=POST - path=/auth/login - status=200 - duration=199.98ms
2026-04-02 19:42:03,231 - INFO - Request started - request_id=1775151723-1ce4497c - method=OPTIONS - path=/users/me - status=0 - duration=0.00ms
2026-04-02 19:42:03,232 - INFO - Request completed - request_id=1775151723-1ce4497c - method=OPTIONS - path=/users/me - status=200 - duration=0.18ms
2026-04-02 19:42:03,232 - INFO - Request started - request_id=1775151723-5de12322 - method=GET - path=/users/me - status=0 - duration=0.00ms
2026-04-02 19:42:03,234 - INFO - Request completed - request_id=1775151723-5de12322 - method=GET - path=/users/me - status=200 - duration=1.84ms
2026-04-02 19:42:03,240 - INFO - Request started - request_id=1775151723-4edd0141 - method=OPTIONS - path=/me/meals - status=0 - duration=0.00ms
2026-04-02 19:42:03,240 - INFO - Request completed - request_id=1775151723-4edd0141 - method=OPTIONS - path=/me/meals - status=200 - duration=0.17ms
2026-04-02 19:42:03,240 - INFO - Request started - request_id=1775151723-dcc23f3e - method=GET - path=/me/meals - status=0 - duration=0.00ms
2026-04-02 19:42:03,243 - INFO - Request completed - request_id=1775151723-dcc23f3e - method=GET - path=/me/meals - status=200 - duration=2.75ms
2026-04-02 19:42:03,249 - INFO - Request started - request_id=1775151723-3439c0e1 - method=GET - path=/uploads/1/41788bd2-f896-444b-8203-5b1ae3766566.webp - status=0 - duration=0.00ms
2026-04-02 19:42:03,250 - INFO - Request completed - request_id=1775151723-3439c0e1 - method=GET - path=/uploads/1/41788bd2-f896-444b-8203-5b1ae3766566.webp - status=200 - duration=1.19ms
2026-04-02 19:42:06,701 - INFO - Request started - request_id=1775151726-d9158d0e - method=GET - path=/users/me - status=0 - duration=0.00ms
2026-04-02 19:42:06,703 - INFO - Request completed - request_id=1775151726-d9158d0e - method=GET - path=/users/me - status=200 - duration=1.99ms
2026-04-02 19:42:06,708 - INFO - Request started - request_id=1775151726-885e22d8 - method=OPTIONS - path=/me/meals - status=0 - duration=0.00ms
2026-04-02 19:42:06,709 - INFO - Request completed - request_id=1775151726-885e22d8 - method=OPTIONS - path=/me/meals - status=200 - duration=0.16ms
2026-04-02 19:42:06,710 - INFO - Request started - request_id=1775151726-feaa46f6 - method=GET - path=/me/meals - status=0 - duration=0.00ms
2026-04-02 19:42:06,713 - INFO - Request completed - request_id=1775151726-feaa46f6 - method=GET - path=/me/meals - status=200 - duration=2.78ms
2026-04-02 19:42:07,658 - INFO - Request started - request_id=1775151727-1a89b1d2 - method=GET - path=/users/me - status=0 - duration=0.00ms
2026-04-02 19:42:07,661 - INFO - Request completed - request_id=1775151727-1a89b1d2 - method=GET - path=/users/me - status=200 - duration=2.24ms
2026-04-02 19:42:07,667 - INFO - Request started - request_id=1775151727-89384a3e - method=OPTIONS - path=/profile/targets - status=0 - duration=0.00ms
2026-04-02 19:42:07,667 - INFO - Request completed - request_id=1775151727-89384a3e - method=OPTIONS - path=/profile/targets - status=200 - duration=0.19ms
2026-04-02 19:42:07,668 - INFO - Request started - request_id=1775151727-d92283ca - method=OPTIONS - path=/me/summary - status=0 - duration=0.00ms
2026-04-02 19:42:07,668 - INFO - Request completed - request_id=1775151727-d92283ca - method=OPTIONS - path=/me/summary - status=200 - duration=0.11ms
2026-04-02 19:42:07,668 - INFO - Request started - request_id=1775151727-8b00cb03 - method=OPTIONS - path=/me/meals - status=0 - duration=0.00ms
2026-04-02 19:42:07,668 - INFO - Request completed - request_id=1775151727-8b00cb03 - method=OPTIONS - path=/me/meals - status=200 - duration=0.10ms
2026-04-02 19:42:07,669 - INFO - Request started - request_id=1775151727-7fcbb806 - method=GET - path=/me/summary - status=0 - duration=0.00ms
2026-04-02 19:42:07,669 - INFO - Request started - request_id=1775151727-271a07bd - method=GET - path=/me/meals - status=0 - duration=0.00ms
2026-04-02 19:42:07,671 - INFO - Request started - request_id=1775151727-e1fbf0c6 - method=GET - path=/profile/targets - status=0 - duration=0.00ms
2026-04-02 19:42:07,677 - INFO - Request completed - request_id=1775151727-e1fbf0c6 - method=GET - path=/profile/targets - status=200 - duration=5.28ms
2026-04-02 19:42:07,679 - INFO - Request completed - request_id=1775151727-271a07bd - method=GET - path=/me/meals - status=0 - duration=0.00ms
2026-04-02 19:42:07,680 - INFO - Request completed - request_id=1775151727-271a07bd - method=GET - path=/me/meals - status=200 - duration=10.71ms
2026-04-02 19:42:08,138 - INFO - Request started - request_id=1775151728-9da10ee7 - method=GET - path=/users/me - status=0 - duration=0.00ms
2026-04-02 19:42:08,141 - INFO - Request completed - request_id=1775151728-9da10ee7 - method=GET - path=/users/me - status=200 - duration=2.68ms
2026-04-02 19:42:08,146 - INFO - Request started - request_id=1775151728-f26096af - method=OPTIONS - path=/profile - status=0 - duration=0.00ms
2026-04-02 19:42:08,146 - INFO - Request completed - request_id=1775151728-f26096af - method=OPTIONS - path=/profile - status=200 - duration=0.19ms
2026-04-02 19:42:08,148 - INFO - Request started - request_id=1775151728-b96c96e2 - method=GET - path=/profile - status=0 - duration=0.00ms
2026-04-02 19:42:08,150 - INFO - Request completed - request_id=1775151728-b96c96e2 - method=GET - path=/profile - status=200 - duration=1.91ms
2026-04-02 19:42:08,157 - INFO - Request started - request_id=1775151728-d5b027fd - method=GET - path=/profile/targets - status=0 - duration=0.00ms
2026-04-02 19:42:08,159 - INFO - Request completed - request_id=1775151728-d5b027fd - method=GET - path=/profile/targets - status=200 - duration=2.35ms
2026-04-02 19:42:08,959 - INFO - Request started - request_id=1775151728-e16562f1 - method=GET - path=/users/me - status=0 - duration=0.00ms
2026-04-02 19:42:08,962 - INFO - Request completed - request_id=1775151728-e16562f1 - method=GET - path=/users/me - status=200 - duration=2.49ms
2026-04-02 19:42:08,965 - INFO - Request started - request_id=1775151728-652a1b28 - method=GET - path=/me/meals - status=0 - duration=0.00ms
2026-04-02 19:42:08,968 - INFO - Request completed - request_id=1775151728-652a1b28 - method=GET - path=/me/meals - status=200 - duration=3.43ms
2026-04-02 19:42:09,534 - INFO - Request started - request_id=1775151729-de315b31 - method=GET - path=/users/me - status=0 - duration=0.00ms
2026-04-02 19:42:09,536 - INFO - Request completed - request_id=1775151729-de315b31 - method=GET - path=/users/me - status=200 - duration=1.93ms
2026-04-02 19:42:09,541 - INFO - Request started - request_id=1775151729-1cb9fa03 - method=GET - path=/me/meals - status=0 - duration=0.00ms
2026-04-02 19:42:09,544 - INFO - Request completed - request_id=1775151729-1cb9fa03 - method=GET - path=/me/meals - status=200 - duration=3.06ms
2026-04-02 19:42:10,252 - INFO - Request started - request_id=1775151730-13d00f58 - method=GET - path=/users/me - status=0 - duration=0.00ms
2026-04-02 19:42:10,254 - INFO - Request completed - request_id=1775151730-13d00f58 - method=GET - path=/users/me - status=200 - duration=2.10ms
2026-04-02 19:42:10,259 - INFO - Request started - request_id=1775151730-f9c8919f - method=GET - path=/profile/targets - status=0 - duration=0.00ms
2026-04-02 19:42:10,259 - INFO - Request started - request_id=1775151730-7a9f560a - method=GET - path=/me/summary - status=0 - duration=0.00ms
2026-04-02 19:42:10,260 - INFO - Request started - request_id=1775151730-b5b3302b - method=GET - path=/me/meals - status=0 - duration=0.00ms
2026-04-02 19:42:10,265 - INFO - Request completed - request_id=1775151730-b5b3302b - method=GET - path=/me/meals - status=0 - duration=0.00ms
2026-04-02 19:42:10,267 - INFO - Request completed - request_id=1775151730-b5b3302b - method=GET - path=/me/meals - status=200 - duration=6.96ms
2026-04-02 19:42:10,268 - INFO - Request completed - request_id=1775151730-7a9f560a - method=GET - path=/me/summary - status=200 - duration=8.55ms
2026-04-02 19:42:11,974 - INFO - Request started - request_id=1775151731-b579fe79 - method=GET - path=/profile/targets - status=0 - duration=0.00ms
2026-04-02 19:42:11,975 - INFO - Request started - request_id=1775151731-eaa7f059 - method=OPTIONS - path=/me/summary - status=0 - duration=0.00ms
2026-04-02 19:42:11,975 - INFO - Request completed - request_id=1775151731-eaa7f059 - method=OPTIONS - path=/me/summary - status=200 - duration=0.14ms
2026-04-02 19:42:11,975 - INFO - Request started - request_id=1775151731-419068ba - method=OPTIONS - path=/me/meals - status=0 - duration=0.00ms
2026-04-02 19:42:11,975 - INFO - Request completed - request_id=1775151731-419068ba - method=OPTIONS - path=/me/meals - status=200 - duration=0.10ms
2026-04-02 19:42:11,976 - INFO - Request started - request_id=1775151731-a853bc3b - method=GET - path=/me/summary - status=0 - duration=0.00ms
2026-04-02 19:42:11,977 - INFO - Request started - request_id=1775151731-a6b765fa - method=GET - path=/me/meals - status=0 - duration=0.00ms
2026-04-02 19:42:11,979 - INFO - Request completed - request_id=1775151731-a6b765fa - method=GET - path=/me/meals - status=0 - duration=0.00ms
2026-04-02 19:42:11,984 - INFO - Request completed - request_id=1775151731-a6b765fa - method=GET - path=/me/meals - status=0 - duration=0.00ms
2026-04-02 19:42:11,985 - INFO - Request completed - request_id=1775151731-a6b765fa - method=GET - path=/me/meals - status=200 - duration=7.76ms
2026-04-02 19:42:12,488 - INFO - Request started - request_id=1775151732-b6aa0f41 - method=GET - path=/profile/targets - status=0 - duration=0.00ms
2026-04-02 19:42:12,489 - INFO - Request started - request_id=1775151732-439ec29c - method=GET - path=/me/summary - status=0 - duration=0.00ms
2026-04-02 19:42:12,489 - INFO - Request started - request_id=1775151732-a7b10b6f - method=GET - path=/me/meals - status=0 - duration=0.00ms
2026-04-02 19:42:12,493 - INFO - Request completed - request_id=1775151732-a7b10b6f - method=GET - path=/me/meals - status=0 - duration=0.00ms
2026-04-02 19:42:12,497 - INFO - Request completed - request_id=1775151732-a7b10b6f - method=GET - path=/me/meals - status=0 - duration=0.00ms
2026-04-02 19:42:12,497 - INFO - Request completed - request_id=1775151732-a7b10b6f - method=GET - path=/me/meals - status=200 - duration=7.96ms
2026-04-02 19:42:12,937 - INFO - Request started - request_id=1775151732-348dbccf - method=GET - path=/profile/targets - status=0 - duration=0.00ms
2026-04-02 19:42:12,938 - INFO - Request started - request_id=1775151732-d9ae0fbe - method=OPTIONS - path=/me/summary - status=0 - duration=0.00ms
2026-04-02 19:42:12,938 - INFO - Request completed - request_id=1775151732-d9ae0fbe - method=OPTIONS - path=/me/summary - status=200 - duration=0.16ms
2026-04-02 19:42:12,939 - INFO - Request started - request_id=1775151732-92f074b8 - method=OPTIONS - path=/me/meals - status=0 - duration=0.00ms
2026-04-02 19:42:12,940 - INFO - Request completed - request_id=1775151732-92f074b8 - method=OPTIONS - path=/me/meals - status=200 - duration=0.31ms
2026-04-02 19:42:12,940 - INFO - Request started - request_id=1775151732-5eeeb781 - method=GET - path=/me/summary - status=0 - duration=0.00ms
2026-04-02 19:42:12,941 - INFO - Request started - request_id=1775151732-94ca5f0c - method=GET - path=/me/meals - status=0 - duration=0.00ms
2026-04-02 19:42:12,943 - INFO - Request completed - request_id=1775151732-94ca5f0c - method=GET - path=/me/meals - status=0 - duration=0.00ms
2026-04-02 19:42:12,947 - INFO - Request completed - request_id=1775151732-94ca5f0c - method=GET - path=/me/meals - status=200 - duration=5.64ms
2026-04-02 19:42:12,948 - INFO - Request completed - request_id=1775151732-5eeeb781 - method=GET - path=/me/summary - status=200 - duration=7.37ms
2026-04-02 19:42:13,416 - INFO - Request started - request_id=1775151733-693e06ba - method=GET - path=/profile/targets - status=0 - duration=0.00ms
2026-04-02 19:42:13,417 - INFO - Request started - request_id=1775151733-01b29217 - method=OPTIONS - path=/me/summary - status=0 - duration=0.00ms
2026-04-02 19:42:13,417 - INFO - Request completed - request_id=1775151733-01b29217 - method=OPTIONS - path=/me/summary - status=200 - duration=0.14ms
2026-04-02 19:42:13,417 - INFO - Request started - request_id=1775151733-7718fb06 - method=OPTIONS - path=/me/meals - status=0 - duration=0.00ms
2026-04-02 19:42:13,417 - INFO - Request completed - request_id=1775151733-7718fb06 - method=OPTIONS - path=/me/meals - status=200 - duration=0.14ms
2026-04-02 19:42:13,418 - INFO - Request started - request_id=1775151733-6c46520a - method=GET - path=/me/summary - status=0 - duration=0.00ms
2026-04-02 19:42:13,418 - INFO - Request started - request_id=1775151733-bb5122f8 - method=GET - path=/me/meals - status=0 - duration=0.00ms
2026-04-02 19:42:13,422 - INFO - Request completed - request_id=1775151733-bb5122f8 - method=GET - path=/me/meals - status=0 - duration=0.00ms
2026-04-02 19:42:13,425 - INFO - Request completed - request_id=1775151733-bb5122f8 - method=GET - path=/me/meals - status=200 - duration=7.06ms
2026-04-02 19:42:13,426 - INFO - Request completed - request_id=1775151733-6c46520a - method=GET - path=/me/summary - status=200 - duration=8.22ms
2026-04-02 19:42:14,087 - INFO - Request started - request_id=1775151734-e1565b5c - method=GET - path=/profile/targets - status=0 - duration=0.00ms
2026-04-02 19:42:14,087 - INFO - Request started - request_id=1775151734-a0169c81 - method=GET - path=/me/summary - status=0 - duration=0.00ms
2026-04-02 19:42:14,088 - INFO - Request started - request_id=1775151734-7f230d88 - method=GET - path=/me/meals - status=0 - duration=0.00ms
2026-04-02 19:42:14,092 - INFO - Request completed - request_id=1775151734-7f230d88 - method=GET - path=/me/meals - status=0 - duration=0.00ms
2026-04-02 19:42:14,094 - INFO - Request completed - request_id=1775151734-7f230d88 - method=GET - path=/me/meals - status=0 - duration=0.00ms
2026-04-02 19:42:14,095 - INFO - Request completed - request_id=1775151734-7f230d88 - method=GET - path=/me/meals - status=200 - duration=7.40ms
2026-04-02 19:42:20,669 - INFO - Request started - request_id=1775151740-5eca7c90 - method=GET - path=/users/me - status=0 - duration=0.00ms
2026-04-02 19:42:20,671 - INFO - Request completed - request_id=1775151740-5eca7c90 - method=GET - path=/users/me - status=200 - duration=2.58ms
2026-04-02 19:42:20,675 - INFO - Request started - request_id=1775151740-364efd15 - method=GET - path=/me/meals - status=0 - duration=0.00ms
2026-04-02 19:42:20,679 - INFO - Request completed - request_id=1775151740-364efd15 - method=GET - path=/me/meals - status=200 - duration=3.40ms
2026-04-02 19:42:21,723 - INFO - Request started - request_id=1775151741-b196ae4e - method=GET - path=/users/me - status=0 - duration=0.00ms
2026-04-02 19:42:21,726 - INFO - Request completed - request_id=1775151741-b196ae4e - method=GET - path=/users/me - status=200 - duration=2.23ms
2026-04-02 19:42:21,730 - INFO - Request started - request_id=1775151741-df981215 - method=GET - path=/me/meals - status=0 - duration=0.00ms
2026-04-02 19:42:21,734 - INFO - Request completed - request_id=1775151741-df981215 - method=GET - path=/me/meals - status=200 - duration=3.47ms
2026-04-02 19:42:22,481 - INFO - Request started - request_id=1775151742-2e2eab1c - method=GET - path=/users/me - status=0 - duration=0.00ms
2026-04-02 19:42:22,483 - INFO - Request completed - request_id=1775151742-2e2eab1c - method=GET - path=/users/me - status=200 - duration=2.11ms
2026-04-02 19:42:22,487 - INFO - Request started - request_id=1775151742-781c363a - method=GET - path=/me/meals - status=0 - duration=0.00ms
2026-04-02 19:42:22,491 - INFO - Request completed - request_id=1775151742-781c363a - method=GET - path=/me/meals - status=200 - duration=3.57ms
2026-04-02 19:42:22,865 - INFO - Request started - request_id=1775151742-75283dfb - method=GET - path=/users/me - status=0 - duration=0.00ms
2026-04-02 19:42:22,867 - INFO - Request completed - request_id=1775151742-75283dfb - method=GET - path=/users/me - status=200 - duration=2.42ms
2026-04-02 19:42:22,871 - INFO - Request started - request_id=1775151742-7f991c71 - method=GET - path=/me/meals - status=0 - duration=0.00ms
2026-04-02 19:42:22,875 - INFO - Request completed - request_id=1775151742-7f991c71 - method=GET - path=/me/meals - status=200 - duration=3.30ms
2026-04-02 19:42:23,215 - INFO - Request started - request_id=1775151743-795692f9 - method=GET - path=/users/me - status=0 - duration=0.00ms
2026-04-02 19:42:23,217 - INFO - Request completed - request_id=1775151743-795692f9 - method=GET - path=/users/me - status=200 - duration=2.24ms
2026-04-02 19:42:23,221 - INFO - Request started - request_id=1775151743-2e0533fd - method=GET - path=/me/meals - status=0 - duration=0.00ms
2026-04-02 19:42:23,224 - INFO - Request completed - request_id=1775151743-2e0533fd - method=GET - path=/me/meals - status=200 - duration=3.17ms
2026-04-02 19:43:22,356 - INFO - Request started - request_id=1775151802-0742bea6 - method=GET - path=/me/meals - status=0 - duration=0.00ms
2026-04-02 19:43:22,357 - INFO - Request completed - request_id=1775151802-0742bea6 - method=GET - path=/me/meals - status=401 - duration=1.41ms
2026-04-02 19:43:24,412 - INFO - Request started - request_id=1775151804-ce4f000e - method=OPTIONS - path=/auth/login - status=0 - duration=0.00ms
2026-04-02 19:43:24,413 - INFO - Request completed - request_id=1775151804-ce4f000e - method=OPTIONS - path=/auth/login - status=200 - duration=0.16ms
2026-04-02 19:43:24,414 - INFO - Request started - request_id=1775151804-84b949e8 - method=POST - path=/auth/login - status=0 - duration=0.00ms
2026-04-02 19:43:24,613 - INFO - Request completed - request_id=1775151804-84b949e8 - method=POST - path=/auth/login - status=401 - duration=199.36ms
2026-04-02 19:43:27,578 - INFO - Request started - request_id=1775151807-26cd2280 - method=POST - path=/auth/login - status=0 - duration=0.00ms
2026-04-02 19:43:27,767 - INFO - Request completed - request_id=1775151807-26cd2280 - method=POST - path=/auth/login - status=200 - duration=188.70ms
2026-04-02 19:43:27,803 - INFO - Request started - request_id=1775151807-6b67bc5d - method=OPTIONS - path=/users/me - status=0 - duration=0.00ms
2026-04-02 19:43:27,803 - INFO - Request completed - request_id=1775151807-6b67bc5d - method=OPTIONS - path=/users/me - status=200 - duration=0.18ms
2026-04-02 19:43:27,804 - INFO - Request started - request_id=1775151807-a5ca25b6 - method=GET - path=/users/me - status=0 - duration=0.00ms
2026-04-02 19:43:27,806 - INFO - Request completed - request_id=1775151807-a5ca25b6 - method=GET - path=/users/me - status=200 - duration=1.61ms
2026-04-02 19:43:27,811 - INFO - Request started - request_id=1775151807-af5d1600 - method=OPTIONS - path=/me/meals - status=0 - duration=0.00ms
2026-04-02 19:43:27,811 - INFO - Request completed - request_id=1775151807-af5d1600 - method=OPTIONS - path=/me/meals - status=200 - duration=0.17ms
2026-04-02 19:43:27,812 - INFO - Request started - request_id=1775151807-aced0406 - method=GET - path=/me/meals - status=0 - duration=0.00ms
2026-04-02 19:43:27,815 - INFO - Request completed - request_id=1775151807-aced0406 - method=GET - path=/me/meals - status=200 - duration=2.70ms
2026-04-02 19:43:28,125 - INFO - Request started - request_id=1775151808-1f82dd4a - method=GET - path=/uploads/1/41788bd2-f896-444b-8203-5b1ae3766566.webp - status=0 - duration=0.00ms
2026-04-02 19:43:28,127 - INFO - Request completed - request_id=1775151808-1f82dd4a - method=GET - path=/uploads/1/41788bd2-f896-444b-8203-5b1ae3766566.webp - status=200 - duration=1.14ms
2026-04-02 19:43:55,849 - INFO - Request started - request_id=1775151835-dc71ec90 - method=OPTIONS - path=/me/meals/text - status=0 - duration=0.00ms
2026-04-02 19:43:55,849 - INFO - Request completed - request_id=1775151835-dc71ec90 - method=OPTIONS - path=/me/meals/text - status=200 - duration=0.15ms
2026-04-02 19:43:55,850 - INFO - Request started - request_id=1775151835-80a0925a - method=POST - path=/me/meals/text - status=0 - duration=0.00ms
2026-04-02 19:44:00,052 - INFO - Request completed - request_id=1775151835-80a0925a - method=POST - path=/me/meals/text - status=200 - duration=4201.83ms
2026-04-02 19:44:00,057 - INFO - Request started - request_id=1775151840-0060a0eb - method=GET - path=/me/meals - status=0 - duration=0.00ms
2026-04-02 19:44:00,061 - INFO - Request completed - request_id=1775151840-0060a0eb - method=GET - path=/me/meals - status=200 - duration=3.32ms
2026-04-02 19:44:10,059 - INFO - Request started - request_id=1775151850-08df47bc - method=GET - path=/users/me - status=0 - duration=0.00ms
2026-04-02 19:44:10,062 - INFO - Request completed - request_id=1775151850-08df47bc - method=GET - path=/users/me - status=200 - duration=2.09ms
2026-04-02 19:44:10,064 - INFO - Request started - request_id=1775151850-82f02e45 - method=OPTIONS - path=/me/meals - status=0 - duration=0.00ms
2026-04-02 19:44:10,064 - INFO - Request completed - request_id=1775151850-82f02e45 - method=OPTIONS - path=/me/meals - status=200 - duration=0.16ms
2026-04-02 19:44:10,065 - INFO - Request started - request_id=1775151850-b9a5300b - method=GET - path=/me/meals - status=0 - duration=0.00ms
2026-04-02 19:44:10,069 - INFO - Request completed - request_id=1775151850-b9a5300b - method=GET - path=/me/meals - status=200 - duration=3.46ms
2026-04-02 19:44:10,072 - INFO - Request started - request_id=1775151850-a7864b71 - method=GET - path=/uploads/1/41788bd2-f896-444b-8203-5b1ae3766566.webp - status=0 - duration=0.00ms
2026-04-02 19:44:10,072 - INFO - Request completed - request_id=1775151850-a7864b71 - method=GET - path=/uploads/1/41788bd2-f896-444b-8203-5b1ae3766566.webp - status=304 - duration=0.56ms
2026-04-02 19:44:16,931 - INFO - Request started - request_id=1775151856-9ac46cd9 - method=OPTIONS - path=/me/meals/2 - status=0 - duration=0.00ms
2026-04-02 19:44:16,931 - INFO - Request completed - request_id=1775151856-9ac46cd9 - method=OPTIONS - path=/me/meals/2 - status=200 - duration=0.17ms
2026-04-02 19:44:16,932 - INFO - Request started - request_id=1775151856-2ca9ac96 - method=DELETE - path=/me/meals/2 - status=0 - duration=0.00ms
2026-04-02 19:44:16,939 - INFO - Request completed - request_id=1775151856-2ca9ac96 - method=DELETE - path=/me/meals/2 - status=204 - duration=6.28ms
2026-04-02 19:44:19,656 - INFO - Request started - request_id=1775151859-1fbd54cf - method=OPTIONS - path=/me/meals/1 - status=0 - duration=0.00ms
2026-04-02 19:44:19,657 - INFO - Request completed - request_id=1775151859-1fbd54cf - method=OPTIONS - path=/me/meals/1 - status=200 - duration=0.20ms
2026-04-02 19:44:19,658 - INFO - Request started - request_id=1775151859-c2185995 - method=DELETE - path=/me/meals/1 - status=0 - duration=0.00ms
2026-04-02 19:44:19,666 - INFO - Request completed - request_id=1775151859-c2185995 - method=DELETE - path=/me/meals/1 - status=204 - duration=8.06ms
2026-04-02 19:44:22,266 - INFO - Request started - request_id=1775151862-0bf40abf - method=OPTIONS - path=/me/meals/3 - status=0 - duration=0.00ms
2026-04-02 19:44:22,266 - INFO - Request completed - request_id=1775151862-0bf40abf - method=OPTIONS - path=/me/meals/3 - status=200 - duration=0.19ms
2026-04-02 19:44:22,268 - INFO - Request started - request_id=1775151862-62f6b018 - method=DELETE - path=/me/meals/3 - status=0 - duration=0.00ms
2026-04-02 19:44:22,275 - INFO - Request completed - request_id=1775151862-62f6b018 - method=DELETE - path=/me/meals/3 - status=204 - duration=7.28ms
2026-04-02 19:44:28,355 - INFO - Request started - request_id=1775151868-2dbbd13b - method=GET - path=/users/me - status=0 - duration=0.00ms
2026-04-02 19:44:28,358 - INFO - Request completed - request_id=1775151868-2dbbd13b - method=GET - path=/users/me - status=200 - duration=2.55ms
2026-04-02 19:44:28,361 - INFO - Request started - request_id=1775151868-cb51b13d - method=OPTIONS - path=/profile/targets - status=0 - duration=0.00ms
2026-04-02 19:44:28,361 - INFO - Request completed - request_id=1775151868-cb51b13d - method=OPTIONS - path=/profile/targets - status=200 - duration=0.17ms
2026-04-02 19:44:28,362 - INFO - Request started - request_id=1775151868-34d2066c - method=OPTIONS - path=/me/summary - status=0 - duration=0.00ms
2026-04-02 19:44:28,362 - INFO - Request completed - request_id=1775151868-34d2066c - method=OPTIONS - path=/me/summary - status=200 - duration=0.13ms
2026-04-02 19:44:28,364 - INFO - Request started - request_id=1775151868-cc3a3259 - method=OPTIONS - path=/me/meals - status=0 - duration=0.00ms
2026-04-02 19:44:28,364 - INFO - Request completed - request_id=1775151868-cc3a3259 - method=OPTIONS - path=/me/meals - status=200 - duration=0.16ms
2026-04-02 19:44:28,365 - INFO - Request started - request_id=1775151868-72714e4c - method=GET - path=/profile/targets - status=0 - duration=0.00ms
2026-04-02 19:44:28,370 - INFO - Request completed - request_id=1775151868-72714e4c - method=GET - path=/profile/targets - status=200 - duration=4.07ms
2026-04-02 19:44:28,370 - INFO - Request started - request_id=1775151868-a5ab2b0c - method=GET - path=/me/summary - status=0 - duration=0.00ms
2026-04-02 19:44:28,375 - INFO - Request completed - request_id=1775151868-a5ab2b0c - method=GET - path=/me/summary - status=200 - duration=4.76ms
2026-04-02 19:44:28,375 - INFO - Request started - request_id=1775151868-73987159 - method=GET - path=/me/meals - status=0 - duration=0.00ms
2026-04-02 19:44:28,378 - INFO - Request completed - request_id=1775151868-73987159 - method=GET - path=/me/meals - status=200 - duration=2.50ms
2026-04-02 19:44:28,997 - INFO - Request started - request_id=1775151868-2e13b478 - method=GET - path=/users/me - status=0 - duration=0.00ms
2026-04-02 19:44:29,000 - INFO - Request completed - request_id=1775151868-2e13b478 - method=GET - path=/users/me - status=200 - duration=2.41ms
2026-04-02 19:44:29,002 - INFO - Request started - request_id=1775151869-9114633b - method=OPTIONS - path=/profile - status=0 - duration=0.00ms
2026-04-02 19:44:29,002 - INFO - Request completed - request_id=1775151869-9114633b - method=OPTIONS - path=/profile - status=200 - duration=0.14ms
2026-04-02 19:44:29,003 - INFO - Request started - request_id=1775151869-11b91cff - method=GET - path=/profile - status=0 - duration=0.00ms
2026-04-02 19:44:29,005 - INFO - Request completed - request_id=1775151869-11b91cff - method=GET - path=/profile - status=200 - duration=2.01ms
2026-04-02 19:44:29,008 - INFO - Request started - request_id=1775151869-ed5cdcd0 - method=GET - path=/profile/targets - status=0 - duration=0.00ms
2026-04-02 19:44:29,010 - INFO - Request completed - request_id=1775151869-ed5cdcd0 - method=GET - path=/profile/targets - status=200 - duration=2.38ms
2026-04-02 19:44:32,205 - INFO - Request started - request_id=1775151872-0b26e53a - method=GET - path=/users/me - status=0 - duration=0.00ms
2026-04-02 19:44:32,207 - INFO - Request completed - request_id=1775151872-0b26e53a - method=GET - path=/users/me - status=200 - duration=2.51ms
2026-04-02 19:44:32,214 - INFO - Request started - request_id=1775151872-99a07f67 - method=GET - path=/profile/targets - status=0 - duration=0.00ms
2026-04-02 19:44:32,214 - INFO - Request started - request_id=1775151872-67df8aaa - method=GET - path=/me/summary - status=0 - duration=0.00ms
2026-04-02 19:44:32,215 - INFO - Request started - request_id=1775151872-ace03d91 - method=GET - path=/me/meals - status=0 - duration=0.00ms
2026-04-02 19:44:32,221 - INFO - Request completed - request_id=1775151872-ace03d91 - method=GET - path=/me/meals - status=0 - duration=0.00ms
2026-04-02 19:44:32,224 - INFO - Request completed - request_id=1775151872-ace03d91 - method=GET - path=/me/meals - status=200 - duration=9.57ms
2026-04-02 19:44:32,225 - INFO - Request completed - request_id=1775151872-67df8aaa - method=GET - path=/me/summary - status=200 - duration=10.56ms
2026-04-02 19:44:34,019 - INFO - Request started - request_id=1775151874-645177ef - method=GET - path=/profile/targets - status=0 - duration=0.00ms
2026-04-02 19:44:34,019 - INFO - Request started - request_id=1775151874-ebac2ed8 - method=OPTIONS - path=/me/summary - status=0 - duration=0.00ms
2026-04-02 19:44:34,020 - INFO - Request completed - request_id=1775151874-ebac2ed8 - method=OPTIONS - path=/me/summary - status=200 - duration=0.14ms
2026-04-02 19:44:34,020 - INFO - Request started - request_id=1775151874-d7b4b7d4 - method=OPTIONS - path=/me/meals - status=0 - duration=0.00ms
2026-04-02 19:44:34,020 - INFO - Request completed - request_id=1775151874-d7b4b7d4 - method=OPTIONS - path=/me/meals - status=200 - duration=0.10ms
2026-04-02 19:44:34,021 - INFO - Request started - request_id=1775151874-08fd26c6 - method=GET - path=/me/summary - status=0 - duration=0.00ms
2026-04-02 19:44:34,022 - INFO - Request started - request_id=1775151874-0b20121f - method=GET - path=/me/meals - status=0 - duration=0.00ms
2026-04-02 19:44:34,023 - INFO - Request completed - request_id=1775151874-0b20121f - method=GET - path=/me/meals - status=0 - duration=0.00ms
2026-04-02 19:44:34,029 - INFO - Request completed - request_id=1775151874-0b20121f - method=GET - path=/me/meals - status=200 - duration=6.71ms
2026-04-02 19:44:34,029 - INFO - Request completed - request_id=1775151874-08fd26c6 - method=GET - path=/me/summary - status=200 - duration=7.66ms
2026-04-02 19:44:50,823 - INFO - Request started - request_id=1775151890-531e1fb4 - method=GET - path=/users/me - status=0 - duration=0.00ms
2026-04-02 19:44:50,825 - INFO - Request completed - request_id=1775151890-531e1fb4 - method=GET - path=/users/me - status=200 - duration=2.67ms
2026-04-02 19:44:50,836 - INFO - Request started - request_id=1775151890-3c44d1f5 - method=GET - path=/me/meals - status=0 - duration=0.00ms
2026-04-02 19:44:50,839 - INFO - Request completed - request_id=1775151890-3c44d1f5 - method=GET - path=/me/meals - status=200 - duration=3.22ms
2026-04-02 19:44:51,156 - INFO - Request started - request_id=1775151891-5fbbf79b - method=GET - path=/uploads/1/41788bd2-f896-444b-8203-5b1ae3766566.webp - status=0 - duration=0.00ms
2026-04-02 19:44:51,156 - INFO - Request completed - request_id=1775151891-5fbbf79b - method=GET - path=/uploads/1/41788bd2-f896-444b-8203-5b1ae3766566.webp - status=304 - duration=0.50ms
2026-04-02 19:45:01,314 - INFO - Request started - request_id=1775151901-a733217e - method=GET - path=/users/me - status=0 - duration=0.00ms
2026-04-02 19:45:01,316 - INFO - Request completed - request_id=1775151901-a733217e - method=GET - path=/users/me - status=200 - duration=2.11ms
2026-04-02 19:45:01,324 - INFO - Request started - request_id=1775151901-50dbaa5b - method=GET - path=/me/meals - status=0 - duration=0.00ms
2026-04-02 19:45:01,327 - INFO - Request completed - request_id=1775151901-50dbaa5b - method=GET - path=/me/meals - status=200 - duration=3.15ms
2026-04-02 19:45:04,172 - INFO - Request started - request_id=1775151904-06555999 - method=GET - path=/users/me - status=0 - duration=0.00ms
2026-04-02 19:45:04,175 - INFO - Request completed - request_id=1775151904-06555999 - method=GET - path=/users/me - status=200 - duration=2.08ms
2026-04-02 19:45:04,181 - INFO - Request started - request_id=1775151904-2218da1a - method=GET - path=/profile/targets - status=0 - duration=0.00ms
2026-04-02 19:45:04,184 - INFO - Request completed - request_id=1775151904-2218da1a - method=GET - path=/profile/targets - status=200 - duration=2.74ms
2026-04-02 19:45:04,185 - INFO - Request started - request_id=1775151904-d12b665e - method=GET - path=/me/summary - status=0 - duration=0.00ms
2026-04-02 19:45:04,188 - INFO - Request completed - request_id=1775151904-d12b665e - method=GET - path=/me/summary - status=200 - duration=3.39ms
2026-04-02 19:45:04,189 - INFO - Request started - request_id=1775151904-c6951a27 - method=GET - path=/me/meals - status=0 - duration=0.00ms
2026-04-02 19:45:04,192 - INFO - Request completed - request_id=1775151904-c6951a27 - method=GET - path=/me/meals - status=200 - duration=2.86ms
2026-04-02 19:45:04,571 - INFO - Request started - request_id=1775151904-08c810cd - method=GET - path=/users/me - status=0 - duration=0.00ms
2026-04-02 19:45:04,574 - INFO - Request completed - request_id=1775151904-08c810cd - method=GET - path=/users/me - status=200 - duration=2.19ms
2026-04-02 19:45:04,581 - INFO - Request started - request_id=1775151904-b25ae44a - method=GET - path=/profile - status=0 - duration=0.00ms
2026-04-02 19:45:04,584 - INFO - Request completed - request_id=1775151904-b25ae44a - method=GET - path=/profile - status=200 - duration=1.97ms
2026-04-02 19:45:04,585 - INFO - Request started - request_id=1775151904-57abe1d7 - method=GET - path=/profile/targets - status=0 - duration=0.00ms
2026-04-02 19:45:04,587 - INFO - Request completed - request_id=1775151904-57abe1d7 - method=GET - path=/profile/targets - status=200 - duration=1.85ms
2026-04-02 19:45:05,202 - INFO - Request started - request_id=1775151905-5ae69ea0 - method=GET - path=/users/me - status=0 - duration=0.00ms
2026-04-02 19:45:05,204 - INFO - Request completed - request_id=1775151905-5ae69ea0 - method=GET - path=/users/me - status=200 - duration=2.21ms
2026-04-02 19:45:05,211 - INFO - Request started - request_id=1775151905-40228f0e - method=GET - path=/me/meals - status=0 - duration=0.00ms
2026-04-02 19:45:05,214 - INFO - Request completed - request_id=1775151905-40228f0e - method=GET - path=/me/meals - status=200 - duration=3.06ms
2026-04-02 19:45:14,932 - INFO - Request started - request_id=1775151914-19e7dca0 - method=OPTIONS - path=/users/me - status=0 - duration=0.00ms
2026-04-02 19:45:14,932 - INFO - Request completed - request_id=1775151914-19e7dca0 - method=OPTIONS - path=/users/me - status=200 - duration=0.21ms
2026-04-02 19:45:14,934 - INFO - Request started - request_id=1775151914-e15c1053 - method=GET - path=/users/me - status=0 - duration=0.00ms
2026-04-02 19:45:14,936 - INFO - Request completed - request_id=1775151914-e15c1053 - method=GET - path=/users/me - status=200 - duration=2.01ms
2026-04-02 19:45:14,938 - INFO - Request started - request_id=1775151914-17caabbe - method=OPTIONS - path=/me/meals - status=0 - duration=0.00ms
2026-04-02 19:45:14,939 - INFO - Request completed - request_id=1775151914-17caabbe - method=OPTIONS - path=/me/meals - status=200 - duration=0.18ms
2026-04-02 19:45:14,940 - INFO - Request started - request_id=1775151914-c64a0241 - method=GET - path=/me/meals - status=0 - duration=0.00ms
2026-04-02 19:45:14,943 - INFO - Request completed - request_id=1775151914-c64a0241 - method=GET - path=/me/meals - status=200 - duration=2.94ms
2026-04-02 19:45:14,948 - INFO - Request started - request_id=1775151914-3ab24aba - method=GET - path=/uploads/1/41788bd2-f896-444b-8203-5b1ae3766566.webp - status=0 - duration=0.00ms
2026-04-02 19:45:14,950 - INFO - Request completed - request_id=1775151914-3ab24aba - method=GET - path=/uploads/1/41788bd2-f896-444b-8203-5b1ae3766566.webp - status=200 - duration=1.18ms
2026-04-02 19:45:23,780 - INFO - Request started - request_id=1775151923-f0ac2615 - method=OPTIONS - path=/users/me - status=0 - duration=0.00ms
2026-04-02 19:45:23,781 - INFO - Request completed - request_id=1775151923-f0ac2615 - method=OPTIONS - path=/users/me - status=200 - duration=0.15ms
2026-04-02 19:45:23,782 - INFO - Request started - request_id=1775151923-a3e55e0c - method=GET - path=/users/me - status=0 - duration=0.00ms
2026-04-02 19:45:23,784 - INFO - Request completed - request_id=1775151923-a3e55e0c - method=GET - path=/users/me - status=200 - duration=2.22ms
2026-04-02 19:45:23,788 - INFO - Request started - request_id=1775151923-04e1a013 - method=OPTIONS - path=/me/meals - status=0 - duration=0.00ms
2026-04-02 19:45:23,788 - INFO - Request completed - request_id=1775151923-04e1a013 - method=OPTIONS - path=/me/meals - status=200 - duration=0.19ms
2026-04-02 19:45:23,790 - INFO - Request started - request_id=1775151923-a4e0cf6d - method=GET - path=/me/meals - status=0 - duration=0.00ms
2026-04-02 19:45:23,794 - INFO - Request completed - request_id=1775151923-a4e0cf6d - method=GET - path=/me/meals - status=200 - duration=3.93ms
2026-04-02 19:45:24,100 - INFO - Request started - request_id=1775151924-efef4075 - method=GET - path=/uploads/1/41788bd2-f896-444b-8203-5b1ae3766566.webp - status=0 - duration=0.00ms
2026-04-02 19:45:24,101 - INFO - Request completed - request_id=1775151924-efef4075 - method=GET - path=/uploads/1/41788bd2-f896-444b-8203-5b1ae3766566.webp - status=200 - duration=0.97ms
2026-04-02 19:45:28,999 - INFO - Request started - request_id=1775151928-95c1ea7c - method=GET - path=/users/me - status=0 - duration=0.00ms
2026-04-02 19:45:29,001 - INFO - Request completed - request_id=1775151928-95c1ea7c - method=GET - path=/users/me - status=200 - duration=2.22ms
2026-04-02 19:45:29,003 - INFO - Request started - request_id=1775151929-657941d0 - method=OPTIONS - path=/me/meals - status=0 - duration=0.00ms
2026-04-02 19:45:29,003 - INFO - Request completed - request_id=1775151929-657941d0 - method=OPTIONS - path=/me/meals - status=200 - duration=0.15ms
2026-04-02 19:45:29,004 - INFO - Request started - request_id=1775151929-3089e523 - method=GET - path=/me/meals - status=0 - duration=0.00ms
2026-04-02 19:45:29,007 - INFO - Request completed - request_id=1775151929-3089e523 - method=GET - path=/me/meals - status=200 - duration=2.83ms
2026-04-02 19:45:29,480 - INFO - Request started - request_id=1775151929-c3221d76 - method=GET - path=/users/me - status=0 - duration=0.00ms
2026-04-02 19:45:29,483 - INFO - Request completed - request_id=1775151929-c3221d76 - method=GET - path=/users/me - status=200 - duration=2.08ms
2026-04-02 19:45:29,488 - INFO - Request started - request_id=1775151929-cbc37c35 - method=OPTIONS - path=/profile/targets - status=0 - duration=0.00ms
2026-04-02 19:45:29,489 - INFO - Request completed - request_id=1775151929-cbc37c35 - method=OPTIONS - path=/profile/targets - status=200 - duration=0.17ms
2026-04-02 19:45:29,489 - INFO - Request started - request_id=1775151929-6438359c - method=OPTIONS - path=/me/summary - status=0 - duration=0.00ms
2026-04-02 19:45:29,489 - INFO - Request completed - request_id=1775151929-6438359c - method=OPTIONS - path=/me/summary - status=200 - duration=0.11ms
2026-04-02 19:45:29,489 - INFO - Request started - request_id=1775151929-ad0416f0 - method=OPTIONS - path=/me/meals - status=0 - duration=0.00ms
2026-04-02 19:45:29,489 - INFO - Request completed - request_id=1775151929-ad0416f0 - method=OPTIONS - path=/me/meals - status=200 - duration=0.09ms
2026-04-02 19:45:29,492 - INFO - Request started - request_id=1775151929-57421e10 - method=GET - path=/profile/targets - status=0 - duration=0.00ms
2026-04-02 19:45:29,493 - INFO - Request started - request_id=1775151929-c2e561fb - method=GET - path=/me/meals - status=0 - duration=0.00ms
2026-04-02 19:45:29,493 - INFO - Request started - request_id=1775151929-05221a69 - method=GET - path=/me/summary - status=0 - duration=0.00ms
2026-04-02 19:45:29,498 - INFO - Request completed - request_id=1775151929-05221a69 - method=GET - path=/me/summary - status=0 - duration=0.00ms
2026-04-02 19:45:29,501 - INFO - Request completed - request_id=1775151929-05221a69 - method=GET - path=/me/summary - status=200 - duration=7.99ms
2026-04-02 19:45:29,502 - INFO - Request completed - request_id=1775151929-c2e561fb - method=GET - path=/me/meals - status=200 - duration=8.91ms
2026-04-02 19:45:30,034 - INFO - Request started - request_id=1775151930-4da9ab6f - method=GET - path=/users/me - status=0 - duration=0.00ms
2026-04-02 19:45:30,037 - INFO - Request completed - request_id=1775151930-4da9ab6f - method=GET - path=/users/me - status=200 - duration=2.28ms
2026-04-02 19:45:30,039 - INFO - Request started - request_id=1775151930-51a1cc71 - method=OPTIONS - path=/profile - status=0 - duration=0.00ms
2026-04-02 19:45:30,040 - INFO - Request completed - request_id=1775151930-51a1cc71 - method=OPTIONS - path=/profile - status=200 - duration=0.14ms
2026-04-02 19:45:30,040 - INFO - Request started - request_id=1775151930-652078ed - method=GET - path=/profile - status=0 - duration=0.00ms
2026-04-02 19:45:30,042 - INFO - Request completed - request_id=1775151930-652078ed - method=GET - path=/profile - status=200 - duration=1.87ms
2026-04-02 19:45:30,046 - INFO - Request started - request_id=1775151930-45dd4ffb - method=GET - path=/profile/targets - status=0 - duration=0.00ms
2026-04-02 19:45:30,049 - INFO - Request completed - request_id=1775151930-45dd4ffb - method=GET - path=/profile/targets - status=200 - duration=2.19ms
2026-04-02 19:45:30,510 - INFO - Request started - request_id=1775151930-bc4673e4 - method=GET - path=/users/me - status=0 - duration=0.00ms
2026-04-02 19:45:30,512 - INFO - Request completed - request_id=1775151930-bc4673e4 - method=GET - path=/users/me - status=200 - duration=1.73ms
2026-04-02 19:45:30,518 - INFO - Request started - request_id=1775151930-da157f47 - method=GET - path=/profile/targets - status=0 - duration=0.00ms
2026-04-02 19:45:30,518 - INFO - Request started - request_id=1775151930-33321ac1 - method=GET - path=/me/summary - status=0 - duration=0.00ms
2026-04-02 19:45:30,519 - INFO - Request started - request_id=1775151930-03648c86 - method=GET - path=/me/meals - status=0 - duration=0.00ms
2026-04-02 19:45:30,523 - INFO - Request completed - request_id=1775151930-03648c86 - method=GET - path=/me/meals - status=0 - duration=0.00ms
2026-04-02 19:45:30,526 - INFO - Request completed - request_id=1775151930-03648c86 - method=GET - path=/me/meals - status=200 - duration=7.25ms
2026-04-02 19:45:30,526 - INFO - Request completed - request_id=1775151930-33321ac1 - method=GET - path=/me/summary - status=200 - duration=7.79ms
2026-04-02 19:45:30,895 - INFO - Request started - request_id=1775151930-9aa7ebe3 - method=GET - path=/users/me - status=0 - duration=0.00ms
2026-04-02 19:45:30,898 - INFO - Request completed - request_id=1775151930-9aa7ebe3 - method=GET - path=/users/me - status=200 - duration=2.22ms
2026-04-02 19:45:30,906 - INFO - Request started - request_id=1775151930-1a990073 - method=GET - path=/me/meals - status=0 - duration=0.00ms
2026-04-02 19:45:30,909 - INFO - Request completed - request_id=1775151930-1a990073 - method=GET - path=/me/meals - status=200 - duration=2.76ms
2026-04-02 19:45:32,021 - INFO - Request started - request_id=1775151932-f7971505 - method=GET - path=/users/me - status=0 - duration=0.00ms
2026-04-02 19:45:32,024 - INFO - Request completed - request_id=1775151932-f7971505 - method=GET - path=/users/me - status=200 - duration=2.23ms
2026-04-02 19:45:32,033 - INFO - Request started - request_id=1775151932-943c407c - method=GET - path=/profile/targets - status=0 - duration=0.00ms
2026-04-02 19:45:32,034 - INFO - Request started - request_id=1775151932-d513ef94 - method=GET - path=/me/summary - status=0 - duration=0.00ms
2026-04-02 19:45:32,034 - INFO - Request started - request_id=1775151932-92674ec8 - method=GET - path=/me/meals - status=0 - duration=0.00ms
2026-04-02 19:45:32,038 - INFO - Request completed - request_id=1775151932-92674ec8 - method=GET - path=/me/meals - status=0 - duration=0.00ms
2026-04-02 19:45:32,042 - INFO - Request completed - request_id=1775151932-92674ec8 - method=GET - path=/me/meals - status=0 - duration=0.00ms
2026-04-02 19:45:32,043 - INFO - Request completed - request_id=1775151932-92674ec8 - method=GET - path=/me/meals - status=200 - duration=8.66ms
2026-04-02 19:45:32,875 - INFO - Request started - request_id=1775151932-d0ebeee9 - method=GET - path=/profile/targets - status=0 - duration=0.00ms
2026-04-02 19:45:32,876 - INFO - Request started - request_id=1775151932-e4f104b9 - method=GET - path=/me/summary - status=0 - duration=0.00ms
2026-04-02 19:45:32,876 - INFO - Request started - request_id=1775151932-974ee2a0 - method=GET - path=/me/meals - status=0 - duration=0.00ms
2026-04-02 19:45:32,881 - INFO - Request completed - request_id=1775151932-974ee2a0 - method=GET - path=/me/meals - status=0 - duration=0.00ms
2026-04-02 19:45:32,884 - INFO - Request completed - request_id=1775151932-974ee2a0 - method=GET - path=/me/meals - status=0 - duration=0.00ms
2026-04-02 19:45:32,885 - INFO - Request completed - request_id=1775151932-974ee2a0 - method=GET - path=/me/meals - status=200 - duration=8.28ms
2026-04-02 19:45:33,368 - INFO - Request started - request_id=1775151933-89488754 - method=GET - path=/profile/targets - status=0 - duration=0.00ms
2026-04-02 19:45:33,369 - INFO - Request started - request_id=1775151933-9b586e54 - method=GET - path=/me/summary - status=0 - duration=0.00ms
2026-04-02 19:45:33,369 - INFO - Request started - request_id=1775151933-fbf1b909 - method=GET - path=/me/meals - status=0 - duration=0.00ms
2026-04-02 19:45:33,373 - INFO - Request completed - request_id=1775151933-fbf1b909 - method=GET - path=/me/meals - status=0 - duration=0.00ms
2026-04-02 19:45:33,377 - INFO - Request completed - request_id=1775151933-fbf1b909 - method=GET - path=/me/meals - status=200 - duration=7.71ms
2026-04-02 19:45:33,377 - INFO - Request completed - request_id=1775151933-9b586e54 - method=GET - path=/me/summary - status=200 - duration=8.30ms
2026-04-02 19:45:33,574 - INFO - Request started - request_id=1775151933-b92953c1 - method=GET - path=/profile/targets - status=0 - duration=0.00ms
2026-04-02 19:45:33,575 - INFO - Request started - request_id=1775151933-2eb38587 - method=GET - path=/me/meals - status=0 - duration=0.00ms
2026-04-02 19:45:33,575 - INFO - Request started - request_id=1775151933-51200974 - method=GET - path=/me/summary - status=0 - duration=0.00ms
2026-04-02 19:45:33,581 - INFO - Request completed - request_id=1775151933-51200974 - method=GET - path=/me/summary - status=0 - duration=0.00ms
2026-04-02 19:45:33,583 - INFO - Request completed - request_id=1775151933-51200974 - method=GET - path=/me/summary - status=200 - duration=7.43ms
2026-04-02 19:45:33,583 - INFO - Request completed - request_id=1775151933-2eb38587 - method=GET - path=/me/meals - status=200 - duration=8.16ms
2026-04-02 19:45:33,744 - INFO - Request started - request_id=1775151933-1a8fcce2 - method=GET - path=/profile/targets - status=0 - duration=0.00ms
2026-04-02 19:45:33,745 - INFO - Request started - request_id=1775151933-910aaa3f - method=GET - path=/me/summary - status=0 - duration=0.00ms
2026-04-02 19:45:33,745 - INFO - Request started - request_id=1775151933-3cdfb411 - method=GET - path=/me/meals - status=0 - duration=0.00ms
2026-04-02 19:45:33,749 - INFO - Request completed - request_id=1775151933-3cdfb411 - method=GET - path=/me/meals - status=0 - duration=0.00ms
2026-04-02 19:45:33,752 - INFO - Request completed - request_id=1775151933-3cdfb411 - method=GET - path=/me/meals - status=200 - duration=6.95ms
2026-04-02 19:45:33,752 - INFO - Request completed - request_id=1775151933-910aaa3f - method=GET - path=/me/summary - status=200 - duration=7.49ms
2026-04-02 19:45:42,886 - INFO - Request started - request_id=1775151942-629b4e19 - method=GET - path=/profile/targets - status=0 - duration=0.00ms
2026-04-02 19:45:42,887 - INFO - Request started - request_id=1775151942-ec6ff9bd - method=OPTIONS - path=/me/meals - status=0 - duration=0.00ms
2026-04-02 19:45:42,887 - INFO - Request completed - request_id=1775151942-ec6ff9bd - method=OPTIONS - path=/me/meals - status=200 - duration=0.13ms
2026-04-02 19:45:42,887 - INFO - Request started - request_id=1775151942-002b581c - method=OPTIONS - path=/me/summary - status=0 - duration=0.00ms
2026-04-02 19:45:42,888 - INFO - Request completed - request_id=1775151942-002b581c - method=OPTIONS - path=/me/summary - status=200 - duration=0.09ms
2026-04-02 19:45:42,889 - INFO - Request started - request_id=1775151942-885af75a - method=GET - path=/me/meals - status=0 - duration=0.00ms
2026-04-02 19:45:42,890 - INFO - Request started - request_id=1775151942-b8bc583e - method=GET - path=/me/summary - status=0 - duration=0.00ms
2026-04-02 19:45:42,890 - INFO - Request completed - request_id=1775151942-b8bc583e - method=GET - path=/me/summary - status=0 - duration=0.00ms
2026-04-02 19:45:42,896 - INFO - Request completed - request_id=1775151942-b8bc583e - method=GET - path=/me/summary - status=0 - duration=0.00ms
2026-04-02 19:45:42,896 - INFO - Request completed - request_id=1775151942-b8bc583e - method=GET - path=/me/summary - status=200 - duration=6.57ms
2026-04-02 19:45:54,792 - INFO - Request started - request_id=1775151954-ea5f32b5 - method=OPTIONS - path=/users/me - status=0 - duration=0.00ms
2026-04-02 19:45:54,793 - INFO - Request completed - request_id=1775151954-ea5f32b5 - method=OPTIONS - path=/users/me - status=200 - duration=0.19ms
2026-04-02 19:45:54,794 - INFO - Request started - request_id=1775151954-26f7ddb4 - method=GET - path=/users/me - status=0 - duration=0.00ms
2026-04-02 19:45:54,796 - INFO - Request completed - request_id=1775151954-26f7ddb4 - method=GET - path=/users/me - status=200 - duration=2.37ms
2026-04-02 19:45:54,799 - INFO - Request started - request_id=1775151954-18b0856a - method=OPTIONS - path=/profile/targets - status=0 - duration=0.00ms
2026-04-02 19:45:54,800 - INFO - Request completed - request_id=1775151954-18b0856a - method=OPTIONS - path=/profile/targets - status=200 - duration=0.23ms
2026-04-02 19:45:54,800 - INFO - Request started - request_id=1775151954-a09cc34b - method=OPTIONS - path=/me/summary - status=0 - duration=0.00ms
2026-04-02 19:45:54,800 - INFO - Request completed - request_id=1775151954-a09cc34b - method=OPTIONS - path=/me/summary - status=200 - duration=0.15ms
2026-04-02 19:45:54,802 - INFO - Request started - request_id=1775151954-64d75702 - method=OPTIONS - path=/me/meals - status=0 - duration=0.00ms
2026-04-02 19:45:54,803 - INFO - Request completed - request_id=1775151954-64d75702 - method=OPTIONS - path=/me/meals - status=200 - duration=0.16ms
2026-04-02 19:45:54,803 - INFO - Request started - request_id=1775151954-63436bb4 - method=GET - path=/profile/targets - status=0 - duration=0.00ms
2026-04-02 19:45:54,804 - INFO - Request started - request_id=1775151954-a69335ed - method=GET - path=/me/summary - status=0 - duration=0.00ms
2026-04-02 19:45:54,807 - INFO - Request completed - request_id=1775151954-a69335ed - method=GET - path=/me/summary - status=0 - duration=0.00ms
2026-04-02 19:45:54,809 - INFO - Request started - request_id=1775151954-d8be1a76 - method=GET - path=/me/meals - status=0 - duration=0.00ms
2026-04-02 19:45:54,814 - INFO - Request completed - request_id=1775151954-d8be1a76 - method=GET - path=/me/meals - status=0 - duration=0.00ms
2026-04-02 19:45:54,815 - INFO - Request completed - request_id=1775151954-d8be1a76 - method=GET - path=/me/meals - status=200 - duration=5.86ms
2026-04-02 19:46:00,069 - INFO - Request started - request_id=1775151960-8590d42c - method=OPTIONS - path=/users/me - status=0 - duration=0.00ms
2026-04-02 19:46:00,070 - INFO - Request completed - request_id=1775151960-8590d42c - method=OPTIONS - path=/users/me - status=200 - duration=0.31ms
2026-04-02 19:46:00,072 - INFO - Request started - request_id=1775151960-e061cbb5 - method=GET - path=/users/me - status=0 - duration=0.00ms
2026-04-02 19:46:00,075 - INFO - Request completed - request_id=1775151960-e061cbb5 - method=GET - path=/users/me - status=200 - duration=2.87ms
2026-04-02 19:46:00,079 - INFO - Request started - request_id=1775151960-15811a12 - method=OPTIONS - path=/me/meals - status=0 - duration=0.00ms
2026-04-02 19:46:00,079 - INFO - Request completed - request_id=1775151960-15811a12 - method=OPTIONS - path=/me/meals - status=200 - duration=0.29ms
2026-04-02 19:46:00,080 - INFO - Request started - request_id=1775151960-54733c88 - method=GET - path=/me/meals - status=0 - duration=0.00ms
2026-04-02 19:46:00,084 - INFO - Request completed - request_id=1775151960-54733c88 - method=GET - path=/me/meals - status=200 - duration=3.56ms
2026-04-02 19:46:00,088 - INFO - Request started - request_id=1775151960-8c97535e - method=GET - path=/uploads/1/41788bd2-f896-444b-8203-5b1ae3766566.webp - status=0 - duration=0.00ms
2026-04-02 19:46:00,091 - INFO - Request completed - request_id=1775151960-8c97535e - method=GET - path=/uploads/1/41788bd2-f896-444b-8203-5b1ae3766566.webp - status=200 - duration=2.02ms
2026-04-02 19:46:20,971 - INFO - Request started - request_id=1775151980-de42990a - method=OPTIONS - path=/me/meals - status=0 - duration=0.00ms
2026-04-02 19:46:20,971 - INFO - Request completed - request_id=1775151980-de42990a - method=OPTIONS - path=/me/meals - status=200 - duration=0.17ms
2026-04-02 19:46:20,972 - INFO - Request started - request_id=1775151980-f8bec858 - method=POST - path=/me/meals - status=0 - duration=0.00ms
2026-04-02 19:46:24,800 - INFO - Request completed - request_id=1775151980-f8bec858 - method=POST - path=/me/meals - status=200 - duration=3827.02ms
2026-04-02 19:46:25,123 - INFO - Request started - request_id=1775151985-75ea63cb - method=GET - path=/uploads/1/c1267814-9804-4250-9748-fc2f3550b13d.png - status=0 - duration=0.00ms
2026-04-02 19:46:25,125 - INFO - Request completed - request_id=1775151985-75ea63cb - method=GET - path=/uploads/1/c1267814-9804-4250-9748-fc2f3550b13d.png - status=200 - duration=1.54ms
2026-04-02 19:50:16,497 - INFO - Request started - request_id=1775152216-bc922894 - method=OPTIONS - path=/users/me - status=0 - duration=0.00ms
2026-04-02 19:50:16,497 - INFO - Request completed - request_id=1775152216-bc922894 - method=OPTIONS - path=/users/me - status=200 - duration=0.20ms
2026-04-02 19:50:16,499 - INFO - Request started - request_id=1775152216-6d3531e7 - method=GET - path=/users/me - status=0 - duration=0.00ms
2026-04-02 19:50:16,501 - INFO - Request completed - request_id=1775152216-6d3531e7 - method=GET - path=/users/me - status=200 - duration=2.66ms
2026-04-02 19:50:16,503 - INFO - Request started - request_id=1775152216-3950de6e - method=OPTIONS - path=/me/meals - status=0 - duration=0.00ms
2026-04-02 19:50:16,504 - INFO - Request completed - request_id=1775152216-3950de6e - method=OPTIONS - path=/me/meals - status=200 - duration=0.18ms
2026-04-02 19:50:16,505 - INFO - Request started - request_id=1775152216-18131e91 - method=GET - path=/me/meals - status=0 - duration=0.00ms
2026-04-02 19:50:16,508 - INFO - Request completed - request_id=1775152216-18131e91 - method=GET - path=/me/meals - status=200 - duration=2.87ms
2026-04-02 19:50:16,817 - INFO - Request started - request_id=1775152216-5e36a9d3 - method=GET - path=/uploads/1/c1267814-9804-4250-9748-fc2f3550b13d.png - status=0 - duration=0.00ms
2026-04-02 19:50:16,818 - INFO - Request started - request_id=1775152216-970bf83f - method=GET - path=/uploads/1/41788bd2-f896-444b-8203-5b1ae3766566.webp - status=0 - duration=0.00ms
2026-04-02 19:50:16,820 - INFO - Request completed - request_id=1775152216-970bf83f - method=GET - path=/uploads/1/41788bd2-f896-444b-8203-5b1ae3766566.webp - status=0 - duration=0.00ms
2026-04-02 19:50:16,820 - INFO - Request completed - request_id=1775152216-970bf83f - method=GET - path=/uploads/1/41788bd2-f896-444b-8203-5b1ae3766566.webp - status=200 - duration=1.72ms
2026-04-02 19:50:41,445 - INFO - Request started - request_id=1775152241-dae31772 - method=OPTIONS - path=/users/me - status=0 - duration=0.00ms
2026-04-02 19:50:41,445 - INFO - Request completed - request_id=1775152241-dae31772 - method=OPTIONS - path=/users/me - status=200 - duration=0.20ms
2026-04-02 19:50:41,447 - INFO - Request started - request_id=1775152241-6346ab82 - method=GET - path=/users/me - status=0 - duration=0.00ms
2026-04-02 19:50:41,449 - INFO - Request completed - request_id=1775152241-6346ab82 - method=GET - path=/users/me - status=200 - duration=2.11ms
2026-04-02 19:50:41,461 - INFO - Request started - request_id=1775152241-71aa2f7e - method=OPTIONS - path=/profile/targets - status=0 - duration=0.00ms
2026-04-02 19:50:41,461 - INFO - Request completed - request_id=1775152241-71aa2f7e - method=OPTIONS - path=/profile/targets - status=200 - duration=0.18ms
2026-04-02 19:50:41,461 - INFO - Request started - request_id=1775152241-34e46616 - method=OPTIONS - path=/me/summary - status=0 - duration=0.00ms
2026-04-02 19:50:41,462 - INFO - Request completed - request_id=1775152241-34e46616 - method=OPTIONS - path=/me/summary - status=200 - duration=0.10ms
2026-04-02 19:50:41,462 - INFO - Request started - request_id=1775152241-410b3dfd - method=OPTIONS - path=/me/meals - status=0 - duration=0.00ms
2026-04-02 19:50:41,462 - INFO - Request completed - request_id=1775152241-410b3dfd - method=OPTIONS - path=/me/meals - status=200 - duration=0.08ms
2026-04-02 19:50:41,464 - INFO - Request started - request_id=1775152241-642cd098 - method=GET - path=/profile/targets - status=0 - duration=0.00ms
2026-04-02 19:50:41,465 - INFO - Request started - request_id=1775152241-9cd4288d - method=GET - path=/me/summary - status=0 - duration=0.00ms
2026-04-02 19:50:41,465 - INFO - Request started - request_id=1775152241-732b2e0b - method=GET - path=/me/meals - status=0 - duration=0.00ms
2026-04-02 19:50:41,470 - INFO - Request completed - request_id=1775152241-732b2e0b - method=GET - path=/me/meals - status=0 - duration=0.00ms
2026-04-02 19:50:41,473 - INFO - Request completed - request_id=1775152241-732b2e0b - method=GET - path=/me/meals - status=200 - duration=8.09ms
2026-04-02 19:50:41,473 - INFO - Request completed - request_id=1775152241-9cd4288d - method=GET - path=/me/summary - status=200 - duration=8.50ms
2026-04-02 19:51:02,111 - INFO - Request started - request_id=1775152262-25678b16 - method=OPTIONS - path=/users/me - status=0 - duration=0.00ms
2026-04-02 19:51:02,112 - INFO - Request completed - request_id=1775152262-25678b16 - method=OPTIONS - path=/users/me - status=200 - duration=0.21ms
2026-04-02 19:51:02,113 - INFO - Request started - request_id=1775152262-eebc011a - method=GET - path=/users/me - status=0 - duration=0.00ms
2026-04-02 19:51:02,116 - INFO - Request completed - request_id=1775152262-eebc011a - method=GET - path=/users/me - status=200 - duration=2.86ms
2026-04-02 19:51:02,119 - INFO - Request started - request_id=1775152262-d405f94c - method=OPTIONS - path=/me/meals - status=0 - duration=0.00ms
2026-04-02 19:51:02,119 - INFO - Request completed - request_id=1775152262-d405f94c - method=OPTIONS - path=/me/meals - status=200 - duration=0.21ms
2026-04-02 19:51:02,121 - INFO - Request started - request_id=1775152262-a04d514b - method=GET - path=/me/meals - status=0 - duration=0.00ms
2026-04-02 19:51:02,125 - INFO - Request completed - request_id=1775152262-a04d514b - method=GET - path=/me/meals - status=200 - duration=3.72ms
2026-04-02 19:51:02,131 - INFO - Request started - request_id=1775152262-71cead00 - method=GET - path=/uploads/1/c1267814-9804-4250-9748-fc2f3550b13d.png - status=0 - duration=0.00ms
2026-04-02 19:51:02,134 - INFO - Request completed - request_id=1775152262-71cead00 - method=GET - path=/uploads/1/c1267814-9804-4250-9748-fc2f3550b13d.png - status=200 - duration=2.61ms
2026-04-02 19:51:02,135 - INFO - Request started - request_id=1775152262-371a4439 - method=GET - path=/uploads/1/41788bd2-f896-444b-8203-5b1ae3766566.webp - status=0 - duration=0.00ms
2026-04-02 19:51:02,137 - INFO - Request completed - request_id=1775152262-371a4439 - method=GET - path=/uploads/1/41788bd2-f896-444b-8203-5b1ae3766566.webp - status=200 - duration=1.66ms
2026-04-02 19:52:01,660 - INFO - Request started - request_id=1775152321-e8769f93 - method=OPTIONS - path=/users/me - status=0 - duration=0.00ms
2026-04-02 19:52:01,660 - INFO - Request completed - request_id=1775152321-e8769f93 - method=OPTIONS - path=/users/me - status=200 - duration=0.14ms
2026-04-02 19:52:01,662 - INFO - Request started - request_id=1775152321-9a346f0d - method=GET - path=/users/me - status=0 - duration=0.00ms
2026-04-02 19:52:01,664 - INFO - Request completed - request_id=1775152321-9a346f0d - method=GET - path=/users/me - status=200 - duration=2.00ms
2026-04-02 19:52:01,667 - INFO - Request started - request_id=1775152321-2e265f50 - method=OPTIONS - path=/me/meals - status=0 - duration=0.00ms
2026-04-02 19:52:01,667 - INFO - Request completed - request_id=1775152321-2e265f50 - method=OPTIONS - path=/me/meals - status=200 - duration=0.16ms
2026-04-02 19:52:01,669 - INFO - Request started - request_id=1775152321-c184a72b - method=GET - path=/me/meals - status=0 - duration=0.00ms
2026-04-02 19:52:01,673 - INFO - Request completed - request_id=1775152321-c184a72b - method=GET - path=/me/meals - status=200 - duration=3.58ms
2026-04-02 19:52:01,676 - INFO - Request started - request_id=1775152321-0efcb770 - method=GET - path=/uploads/1/c1267814-9804-4250-9748-fc2f3550b13d.png - status=0 - duration=0.00ms
2026-04-02 19:52:01,677 - INFO - Request completed - request_id=1775152321-0efcb770 - method=GET - path=/uploads/1/c1267814-9804-4250-9748-fc2f3550b13d.png - status=200 - duration=1.27ms
2026-04-02 19:52:01,678 - INFO - Request started - request_id=1775152321-e35a1e43 - method=GET - path=/uploads/1/41788bd2-f896-444b-8203-5b1ae3766566.webp - status=0 - duration=0.00ms
2026-04-02 19:52:01,680 - INFO - Request completed - request_id=1775152321-e35a1e43 - method=GET - path=/uploads/1/41788bd2-f896-444b-8203-5b1ae3766566.webp - status=200 - duration=1.36ms
2026-04-02 19:52:12,772 - INFO - Request started - request_id=1775152332-180c3185 - method=OPTIONS - path=/users/me - status=0 - duration=0.00ms
2026-04-02 19:52:12,772 - INFO - Request completed - request_id=1775152332-180c3185 - method=OPTIONS - path=/users/me - status=200 - duration=0.21ms
2026-04-02 19:52:12,773 - INFO - Request started - request_id=1775152332-68568832 - method=GET - path=/users/me - status=0 - duration=0.00ms
2026-04-02 19:52:12,776 - INFO - Request completed - request_id=1775152332-68568832 - method=GET - path=/users/me - status=200 - duration=2.72ms
2026-04-02 19:52:12,779 - INFO - Request started - request_id=1775152332-41f72a33 - method=OPTIONS - path=/profile - status=0 - duration=0.00ms
2026-04-02 19:52:12,779 - INFO - Request completed - request_id=1775152332-41f72a33 - method=OPTIONS - path=/profile - status=200 - duration=0.19ms
2026-04-02 19:52:12,780 - INFO - Request started - request_id=1775152332-58f12283 - method=GET - path=/profile - status=0 - duration=0.00ms
2026-04-02 19:52:12,784 - INFO - Request completed - request_id=1775152332-58f12283 - method=GET - path=/profile - status=200 - duration=3.28ms
2026-04-02 19:52:12,787 - INFO - Request started - request_id=1775152332-a152443a - method=OPTIONS - path=/profile/targets - status=0 - duration=0.00ms
2026-04-02 19:52:12,787 - INFO - Request completed - request_id=1775152332-a152443a - method=OPTIONS - path=/profile/targets - status=200 - duration=0.18ms
2026-04-02 19:52:12,788 - INFO - Request started - request_id=1775152332-2a086b7f - method=GET - path=/profile/targets - status=0 - duration=0.00ms
2026-04-02 19:52:12,791 - INFO - Request completed - request_id=1775152332-2a086b7f - method=GET - path=/profile/targets - status=200 - duration=2.48ms
2026-04-02 20:00:07,598 - INFO - Request started - request_id=1775152807-bb067a92 - method=POST - path=/auth/register - status=0 - duration=0.00ms
2026-04-02 20:00:07,820 - INFO - Request completed - request_id=1775152807-bb067a92 - method=POST - path=/auth/register - status=200 - duration=221.59ms
2026-04-02 20:00:07,821 - INFO - Request started - request_id=1775152807-622c4178 - method=POST - path=/auth/login - status=0 - duration=0.00ms
2026-04-02 20:00:08,026 - INFO - Request completed - request_id=1775152807-622c4178 - method=POST - path=/auth/login - status=200 - duration=205.33ms
2026-04-02 20:00:08,027 - INFO - Request started - request_id=1775152808-50385e13 - method=GET - path=/users/me - status=0 - duration=0.00ms
2026-04-02 20:00:08,029 - INFO - Request completed - request_id=1775152808-50385e13 - method=GET - path=/users/me - status=200 - duration=2.02ms
2026-04-02 20:00:08,038 - INFO - Request started - request_id=1775152808-b538a04a - method=POST - path=/auth/register - status=0 - duration=0.00ms
2026-04-02 20:00:08,244 - INFO - Request completed - request_id=1775152808-b538a04a - method=POST - path=/auth/register - status=200 - duration=205.09ms
2026-04-02 20:00:08,245 - INFO - Request started - request_id=1775152808-7a6abfe4 - method=POST - path=/auth/login - status=0 - duration=0.00ms
2026-04-02 20:00:08,437 - INFO - Request completed - request_id=1775152808-7a6abfe4 - method=POST - path=/auth/login - status=200 - duration=192.27ms
2026-04-02 20:00:08,442 - INFO - Request started - request_id=1775152808-f308f87f - method=POST - path=/me/meals/text - status=0 - duration=0.00ms
2026-04-02 20:00:08,448 - INFO - Request completed - request_id=1775152808-f308f87f - method=POST - path=/me/meals/text - status=200 - duration=5.46ms
2026-04-02 20:00:08,449 - INFO - Request started - request_id=1775152808-3fe13445 - method=GET - path=/me/meals - status=0 - duration=0.00ms
2026-04-02 20:00:08,452 - INFO - Request completed - request_id=1775152808-3fe13445 - method=GET - path=/me/meals - status=200 - duration=2.95ms
2026-04-02 20:00:08,453 - INFO - Request started - request_id=1775152808-48fa9957 - method=GET - path=/me/summary - status=0 - duration=0.00ms
2026-04-02 20:00:08,455 - INFO - Request completed - request_id=1775152808-48fa9957 - method=GET - path=/me/summary - status=200 - duration=2.54ms
2026-04-02 20:00:08,456 - INFO - Request started - request_id=1775152808-5952913a - method=PUT - path=/me/meals/1 - status=0 - duration=0.00ms
2026-04-02 20:00:08,460 - INFO - Request completed - request_id=1775152808-5952913a - method=PUT - path=/me/meals/1 - status=200 - duration=3.44ms
2026-04-02 20:00:08,460 - INFO - Request started - request_id=1775152808-494ab0ce - method=POST - path=/me/meals/1/reanalyze - status=0 - duration=0.00ms
2026-04-02 20:00:08,462 - INFO - Request completed - request_id=1775152808-494ab0ce - method=POST - path=/me/meals/1/reanalyze - status=400 - duration=1.65ms
2026-04-02 20:00:08,463 - INFO - Request started - request_id=1775152808-ca1131ad - method=DELETE - path=/me/meals/1 - status=0 - duration=0.00ms
2026-04-02 20:00:08,465 - INFO - Request completed - request_id=1775152808-ca1131ad - method=DELETE - path=/me/meals/1 - status=204 - duration=2.47ms
2026-04-02 20:00:08,466 - INFO - Request started - request_id=1775152808-e4e38078 - method=GET - path=/me/meals - status=0 - duration=0.00ms
2026-04-02 20:00:08,471 - INFO - Request completed - request_id=1775152808-e4e38078 - method=GET - path=/me/meals - status=200 - duration=4.47ms
2026-04-02 20:00:08,478 - INFO - Request started - request_id=1775152808-0488c0cc - method=POST - path=/auth/register - status=0 - duration=0.00ms
2026-04-02 20:00:08,676 - INFO - Request completed - request_id=1775152808-0488c0cc - method=POST - path=/auth/register - status=200 - duration=197.38ms
2026-04-02 20:00:08,676 - INFO - Request started - request_id=1775152808-0c5b123d - method=POST - path=/auth/login - status=0 - duration=0.00ms
2026-04-02 20:00:08,874 - INFO - Request completed - request_id=1775152808-0c5b123d - method=POST - path=/auth/login - status=200 - duration=197.41ms
2026-04-02 20:00:08,875 - INFO - Request started - request_id=1775152808-95eb67a1 - method=POST - path=/me/meals - status=0 - duration=0.00ms
2026-04-02 20:00:08,880 - INFO - Request completed - request_id=1775152808-95eb67a1 - method=POST - path=/me/meals - status=200 - duration=4.57ms
2026-04-02 20:00:08,880 - INFO - Request started - request_id=1775152808-74e95da3 - method=POST - path=/me/meals/1/reanalyze - status=0 - duration=0.00ms
2026-04-02 20:00:08,883 - INFO - Request completed - request_id=1775152808-74e95da3 - method=POST - path=/me/meals/1/reanalyze - status=200 - duration=2.93ms
2026-04-02 20:00:08,891 - INFO - Request started - request_id=1775152808-a8a7c2b0 - method=POST - path=/auth/register - status=0 - duration=0.00ms
2026-04-02 20:00:09,091 - INFO - Request completed - request_id=1775152808-a8a7c2b0 - method=POST - path=/auth/register - status=200 - duration=200.35ms
2026-04-02 20:00:09,092 - INFO - Request started - request_id=1775152809-61f063ca - method=POST - path=/auth/login - status=0 - duration=0.00ms
2026-04-02 20:00:09,284 - INFO - Request completed - request_id=1775152809-61f063ca - method=POST - path=/auth/login - status=200 - duration=191.65ms
2026-04-02 20:00:09,285 - INFO - Request started - request_id=1775152809-c347752d - method=POST - path=/auth/register - status=0 - duration=0.00ms
2026-04-02 20:00:09,479 - INFO - Request completed - request_id=1775152809-c347752d - method=POST - path=/auth/register - status=200 - duration=194.24ms
2026-04-02 20:00:09,480 - INFO - Request started - request_id=1775152809-0f0c07db - method=POST - path=/auth/login - status=0 - duration=0.00ms
2026-04-02 20:00:09,671 - INFO - Request completed - request_id=1775152809-0f0c07db - method=POST - path=/auth/login - status=200 - duration=191.20ms
2026-04-02 20:00:09,672 - INFO - Request started - request_id=1775152809-228a79b3 - method=POST - path=/me/meals/text - status=0 - duration=0.00ms
2026-04-02 20:00:09,676 - INFO - Request completed - request_id=1775152809-228a79b3 - method=POST - path=/me/meals/text - status=200 - duration=3.56ms
2026-04-02 20:00:09,677 - INFO - Request started - request_id=1775152809-6fea5ad0 - method=DELETE - path=/me/meals/1 - status=0 - duration=0.00ms
2026-04-02 20:00:09,679 - INFO - Request completed - request_id=1775152809-6fea5ad0 - method=DELETE - path=/me/meals/1 - status=404 - duration=1.83ms
2026-04-02 20:00:09,686 - INFO - Request started - request_id=1775152809-81c7aafd - method=POST - path=/auth/register - status=0 - duration=0.00ms
2026-04-02 20:00:09,887 - INFO - Request completed - request_id=1775152809-81c7aafd - method=POST - path=/auth/register - status=200 - duration=201.07ms
2026-04-02 20:00:09,888 - INFO - Request started - request_id=1775152809-da2477c3 - method=POST - path=/auth/login - status=0 - duration=0.00ms
2026-04-02 20:00:10,084 - INFO - Request completed - request_id=1775152809-da2477c3 - method=POST - path=/auth/login - status=200 - duration=196.24ms
2026-04-02 20:00:10,085 - INFO - Request started - request_id=1775152810-1d5b2ac9 - method=POST - path=/profile - status=0 - duration=0.00ms
2026-04-02 20:00:10,090 - INFO - Request completed - request_id=1775152810-1d5b2ac9 - method=POST - path=/profile - status=201 - duration=5.19ms
2026-04-02 20:00:10,091 - INFO - Request started - request_id=1775152810-c578a770 - method=GET - path=/profile/targets - status=0 - duration=0.00ms
2026-04-02 20:00:10,093 - INFO - Request completed - request_id=1775152810-c578a770 - method=GET - path=/profile/targets - status=200 - duration=1.60ms
2026-04-02 20:00:10,094 - INFO - Request started - request_id=1775152810-7b7d607e - method=PUT - path=/profile - status=0 - duration=0.00ms
2026-04-02 20:00:10,097 - INFO - Request completed - request_id=1775152810-7b7d607e - method=PUT - path=/profile - status=200 - duration=2.87ms
2026-04-02 20:00:10,097 - INFO - Request started - request_id=1775152810-e3e0bdd3 - method=GET - path=/profile/targets - status=0 - duration=0.00ms
2026-04-02 20:00:10,099 - INFO - Request completed - request_id=1775152810-e3e0bdd3 - method=GET - path=/profile/targets - status=200 - duration=1.59ms
2026-04-02 20:00:10,107 - INFO - Request started - request_id=1775152810-c559a8b1 - method=POST - path=/auth/register - status=0 - duration=0.00ms
2026-04-02 20:00:10,309 - INFO - Request completed - request_id=1775152810-c559a8b1 - method=POST - path=/auth/register - status=200 - duration=201.71ms
2026-04-02 20:00:10,310 - INFO - Request started - request_id=1775152810-fda2783d - method=POST - path=/auth/login - status=0 - duration=0.00ms
2026-04-02 20:00:10,506 - INFO - Request completed - request_id=1775152810-fda2783d - method=POST - path=/auth/login - status=200 - duration=196.26ms
2026-04-02 20:00:10,507 - INFO - Request started - request_id=1775152810-dec0beeb - method=POST - path=/profile - status=0 - duration=0.00ms
2026-04-02 20:00:10,512 - INFO - Request completed - request_id=1775152810-dec0beeb - method=POST - path=/profile - status=201 - duration=4.68ms
2026-04-02 20:00:10,513 - INFO - Request started - request_id=1775152810-e3a2a1bb - method=PUT - path=/profile - status=0 - duration=0.00ms
2026-04-02 20:00:10,515 - INFO - Request completed - request_id=1775152810-e3a2a1bb - method=PUT - path=/profile - status=200 - duration=2.11ms
2026-04-02 20:00:10,516 - INFO - Request started - request_id=1775152810-e387efa5 - method=GET - path=/profile/targets - status=0 - duration=0.00ms
2026-04-02 20:00:10,517 - INFO - Request completed - request_id=1775152810-e387efa5 - method=GET - path=/profile/targets - status=404 - duration=1.37ms
2026-04-02 20:05:14,161 - INFO - Request started - request_id=1775153114-6387097e - method=POST - path=/auth/register - status=0 - duration=0.00ms
2026-04-02 20:05:14,382 - INFO - Request completed - request_id=1775153114-6387097e - method=POST - path=/auth/register - status=200 - duration=221.29ms
2026-04-02 20:05:14,383 - INFO - Request started - request_id=1775153114-3ba00a5d - method=POST - path=/auth/login - status=0 - duration=0.00ms
2026-04-02 20:05:14,579 - INFO - Request completed - request_id=1775153114-3ba00a5d - method=POST - path=/auth/login - status=200 - duration=195.45ms
2026-04-02 20:05:14,580 - INFO - Request started - request_id=1775153114-303c1aab - method=GET - path=/users/me - status=0 - duration=0.00ms
2026-04-02 20:05:14,582 - INFO - Request completed - request_id=1775153114-303c1aab - method=GET - path=/users/me - status=200 - duration=2.49ms
2026-04-02 20:05:14,589 - INFO - Request started - request_id=1775153114-70677cde - method=POST - path=/auth/register - status=0 - duration=0.00ms
2026-04-02 20:05:14,789 - INFO - Request completed - request_id=1775153114-70677cde - method=POST - path=/auth/register - status=200 - duration=199.58ms
2026-04-02 20:05:14,790 - INFO - Request started - request_id=1775153114-a501be67 - method=POST - path=/auth/login - status=0 - duration=0.00ms
2026-04-02 20:05:14,980 - INFO - Request completed - request_id=1775153114-a501be67 - method=POST - path=/auth/login - status=200 - duration=189.85ms
2026-04-02 20:05:14,988 - INFO - Request started - request_id=1775153114-e9a5e1d3 - method=POST - path=/auth/register - status=0 - duration=0.00ms
2026-04-02 20:05:15,192 - INFO - Request completed - request_id=1775153114-e9a5e1d3 - method=POST - path=/auth/register - status=200 - duration=203.47ms
2026-04-02 20:05:15,192 - INFO - Request started - request_id=1775153115-20011cfb - method=POST - path=/auth/login - status=0 - duration=0.00ms
2026-04-02 20:05:15,394 - INFO - Request completed - request_id=1775153115-20011cfb - method=POST - path=/auth/login - status=200 - duration=201.24ms
2026-04-02 20:05:15,395 - INFO - Request started - request_id=1775153115-c2857d67 - method=POST - path=/me/meals/text - status=0 - duration=0.00ms
2026-04-02 20:05:15,401 - INFO - Request completed - request_id=1775153115-c2857d67 - method=POST - path=/me/meals/text - status=200 - duration=5.13ms
2026-04-02 20:05:15,402 - INFO - Request started - request_id=1775153115-00e9d224 - method=GET - path=/me/meals - status=0 - duration=0.00ms
2026-04-02 20:05:15,407 - INFO - Request completed - request_id=1775153115-00e9d224 - method=GET - path=/me/meals - status=200 - duration=5.14ms
2026-04-02 20:05:15,409 - INFO - Request started - request_id=1775153115-3c53f139 - method=GET - path=/me/summary - status=0 - duration=0.00ms
2026-04-02 20:05:15,412 - INFO - Request completed - request_id=1775153115-3c53f139 - method=GET - path=/me/summary - status=200 - duration=3.28ms
2026-04-02 20:05:15,414 - INFO - Request started - request_id=1775153115-951528bf - method=PUT - path=/me/meals/1 - status=0 - duration=0.00ms
2026-04-02 20:05:15,419 - INFO - Request completed - request_id=1775153115-951528bf - method=PUT - path=/me/meals/1 - status=200 - duration=4.82ms
2026-04-02 20:05:15,420 - INFO - Request started - request_id=1775153115-e072f641 - method=POST - path=/me/meals/1/reanalyze - status=0 - duration=0.00ms
2026-04-02 20:05:15,422 - INFO - Request completed - request_id=1775153115-e072f641 - method=POST - path=/me/meals/1/reanalyze - status=400 - duration=1.96ms
2026-04-02 20:05:15,423 - INFO - Request started - request_id=1775153115-403ef514 - method=DELETE - path=/me/meals/1 - status=0 - duration=0.00ms
2026-04-02 20:05:15,426 - INFO - Request completed - request_id=1775153115-403ef514 - method=DELETE - path=/me/meals/1 - status=204 - duration=2.78ms
2026-04-02 20:05:15,427 - INFO - Request started - request_id=1775153115-54058aa0 - method=GET - path=/me/meals - status=0 - duration=0.00ms
2026-04-02 20:05:15,430 - INFO - Request completed - request_id=1775153115-54058aa0 - method=GET - path=/me/meals - status=200 - duration=3.29ms
2026-04-02 20:05:15,441 - INFO - Request started - request_id=1775153115-b767331d - method=POST - path=/auth/register - status=0 - duration=0.00ms
2026-04-02 20:05:15,644 - INFO - Request completed - request_id=1775153115-b767331d - method=POST - path=/auth/register - status=200 - duration=203.36ms
2026-04-02 20:05:15,646 - INFO - Request started - request_id=1775153115-478cb7ea - method=POST - path=/auth/login - status=0 - duration=0.00ms
2026-04-02 20:05:15,846 - INFO - Request completed - request_id=1775153115-478cb7ea - method=POST - path=/auth/login - status=200 - duration=199.99ms
2026-04-02 20:05:15,847 - INFO - Request started - request_id=1775153115-db4c36d7 - method=POST - path=/me/meals - status=0 - duration=0.00ms
2026-04-02 20:05:15,853 - INFO - Request completed - request_id=1775153115-db4c36d7 - method=POST - path=/me/meals - status=200 - duration=6.08ms
2026-04-02 20:05:15,854 - INFO - Request started - request_id=1775153115-5b3ae5e6 - method=POST - path=/me/meals/1/reanalyze - status=0 - duration=0.00ms
2026-04-02 20:05:15,857 - INFO - Request completed - request_id=1775153115-5b3ae5e6 - method=POST - path=/me/meals/1/reanalyze - status=200 - duration=3.62ms
2026-04-02 20:05:15,866 - INFO - Request started - request_id=1775153115-73c5478a - method=POST - path=/auth/register - status=0 - duration=0.00ms
2026-04-02 20:05:16,066 - INFO - Request completed - request_id=1775153115-73c5478a - method=POST - path=/auth/register - status=200 - duration=199.75ms
2026-04-02 20:05:16,066 - INFO - Request started - request_id=1775153116-3d02c981 - method=POST - path=/auth/login - status=0 - duration=0.00ms
2026-04-02 20:05:16,264 - INFO - Request completed - request_id=1775153116-3d02c981 - method=POST - path=/auth/login - status=200 - duration=197.64ms
2026-04-02 20:05:16,265 - INFO - Request started - request_id=1775153116-a42e4e0c - method=POST - path=/auth/register - status=0 - duration=0.00ms
2026-04-02 20:05:16,463 - INFO - Request completed - request_id=1775153116-a42e4e0c - method=POST - path=/auth/register - status=200 - duration=197.79ms
2026-04-02 20:05:16,464 - INFO - Request started - request_id=1775153116-c086f590 - method=POST - path=/auth/login - status=0 - duration=0.00ms
2026-04-02 20:05:16,654 - INFO - Request completed - request_id=1775153116-c086f590 - method=POST - path=/auth/login - status=200 - duration=190.24ms
2026-04-02 20:05:16,655 - INFO - Request started - request_id=1775153116-4aa7560d - method=POST - path=/me/meals/text - status=0 - duration=0.00ms
2026-04-02 20:05:16,659 - INFO - Request completed - request_id=1775153116-4aa7560d - method=POST - path=/me/meals/text - status=200 - duration=3.84ms
2026-04-02 20:05:16,660 - INFO - Request started - request_id=1775153116-fc1e8810 - method=DELETE - path=/me/meals/1 - status=0 - duration=0.00ms
2026-04-02 20:05:16,663 - INFO - Request completed - request_id=1775153116-fc1e8810 - method=DELETE - path=/me/meals/1 - status=404 - duration=2.46ms
2026-04-02 20:05:16,670 - INFO - Request started - request_id=1775153116-f2e51665 - method=POST - path=/auth/register - status=0 - duration=0.00ms
2026-04-02 20:05:16,869 - INFO - Request completed - request_id=1775153116-f2e51665 - method=POST - path=/auth/register - status=200 - duration=199.23ms
2026-04-02 20:05:16,870 - INFO - Request started - request_id=1775153116-1d1995a0 - method=POST - path=/auth/login - status=0 - duration=0.00ms
2026-04-02 20:05:17,063 - INFO - Request completed - request_id=1775153116-1d1995a0 - method=POST - path=/auth/login - status=200 - duration=192.89ms
2026-04-02 20:05:17,064 - INFO - Request started - request_id=1775153117-437f2d3b - method=POST - path=/profile - status=0 - duration=0.00ms
2026-04-02 20:05:17,069 - INFO - Request completed - request_id=1775153117-437f2d3b - method=POST - path=/profile - status=201 - duration=4.98ms
2026-04-02 20:05:17,070 - INFO - Request started - request_id=1775153117-8dd5d98f - method=GET - path=/profile/targets - status=0 - duration=0.00ms
2026-04-02 20:05:17,071 - INFO - Request completed - request_id=1775153117-8dd5d98f - method=GET - path=/profile/targets - status=200 - duration=1.52ms
2026-04-02 20:05:17,072 - INFO - Request started - request_id=1775153117-2e78bc62 - method=PUT - path=/profile - status=0 - duration=0.00ms
2026-04-02 20:05:17,075 - INFO - Request completed - request_id=1775153117-2e78bc62 - method=PUT - path=/profile - status=200 - duration=2.60ms
2026-04-02 20:05:17,076 - INFO - Request started - request_id=1775153117-8ece61a7 - method=GET - path=/profile/targets - status=0 - duration=0.00ms
2026-04-02 20:05:17,077 - INFO - Request completed - request_id=1775153117-8ece61a7 - method=GET - path=/profile/targets - status=200 - duration=1.37ms
2026-04-02 20:05:17,084 - INFO - Request started - request_id=1775153117-b0a3bd67 - method=POST - path=/auth/register - status=0 - duration=0.00ms
2026-04-02 20:05:17,278 - INFO - Request completed - request_id=1775153117-b0a3bd67 - method=POST - path=/auth/register - status=200 - duration=193.60ms
2026-04-02 20:05:17,278 - INFO - Request started - request_id=1775153117-2f1ff070 - method=POST - path=/auth/login - status=0 - duration=0.00ms
2026-04-02 20:05:17,468 - INFO - Request completed - request_id=1775153117-2f1ff070 - method=POST - path=/auth/login - status=200 - duration=189.12ms
2026-04-02 20:05:17,468 - INFO - Request started - request_id=1775153117-cc070c9d - method=POST - path=/profile - status=0 - duration=0.00ms
2026-04-02 20:05:17,473 - INFO - Request completed - request_id=1775153117-cc070c9d - method=POST - path=/profile - status=201 - duration=4.50ms
2026-04-02 20:05:17,474 - INFO - Request started - request_id=1775153117-b917e950 - method=PUT - path=/profile - status=0 - duration=0.00ms
2026-04-02 20:05:17,476 - INFO - Request completed - request_id=1775153117-b917e950 - method=PUT - path=/profile - status=200 - duration=2.40ms
2026-04-02 20:05:17,477 - INFO - Request started - request_id=1775153117-a05ca0c0 - method=GET - path=/profile/targets - status=0 - duration=0.00ms
2026-04-02 20:05:17,478 - INFO - Request completed - request_id=1775153117-a05ca0c0 - method=GET - path=/profile/targets - status=404 - duration=1.33ms
2026-04-02 22:10:26,206 - INFO - Request started - request_id=1775160626-dbc071dd - method=POST - path=/auth/register - status=0 - duration=0.00ms
2026-04-02 22:10:26,416 - INFO - Request completed - request_id=1775160626-dbc071dd - method=POST - path=/auth/register - status=200 - duration=208.75ms
2026-04-02 22:10:26,417 - INFO - Request started - request_id=1775160626-7035294f - method=POST - path=/auth/login - status=0 - duration=0.00ms
2026-04-02 22:10:26,605 - INFO - Request completed - request_id=1775160626-7035294f - method=POST - path=/auth/login - status=200 - duration=188.26ms
2026-04-02 22:10:26,606 - INFO - Request started - request_id=1775160626-8aa941fc - method=GET - path=/users/me - status=0 - duration=0.00ms
2026-04-02 22:10:26,608 - INFO - Request completed - request_id=1775160626-8aa941fc - method=GET - path=/users/me - status=200 - duration=2.39ms
2026-04-02 22:10:26,616 - INFO - Request started - request_id=1775160626-e909411a - method=POST - path=/auth/register - status=0 - duration=0.00ms
2026-04-02 22:10:26,811 - INFO - Request completed - request_id=1775160626-e909411a - method=POST - path=/auth/register - status=200 - duration=194.68ms
2026-04-02 22:10:26,812 - INFO - Request started - request_id=1775160626-d8c37a23 - method=POST - path=/auth/login - status=0 - duration=0.00ms
2026-04-02 22:10:27,000 - INFO - Request completed - request_id=1775160626-d8c37a23 - method=POST - path=/auth/login - status=200 - duration=188.52ms
2026-04-02 22:10:27,009 - INFO - Request started - request_id=1775160627-10d5d7fd - method=POST - path=/auth/register - status=0 - duration=0.00ms
2026-04-02 22:10:27,210 - INFO - Request completed - request_id=1775160627-10d5d7fd - method=POST - path=/auth/register - status=200 - duration=201.55ms
2026-04-02 22:10:27,211 - INFO - Request started - request_id=1775160627-d6c48bcd - method=POST - path=/auth/login - status=0 - duration=0.00ms
2026-04-02 22:10:27,412 - INFO - Request completed - request_id=1775160627-d6c48bcd - method=POST - path=/auth/login - status=200 - duration=200.42ms
2026-04-02 22:10:27,413 - INFO - Request started - request_id=1775160627-a57b58d3 - method=POST - path=/me/meals/text - status=0 - duration=0.00ms
2026-04-02 22:10:27,419 - INFO - Request completed - request_id=1775160627-a57b58d3 - method=POST - path=/me/meals/text - status=200 - duration=5.92ms
2026-04-02 22:10:27,420 - INFO - Request started - request_id=1775160627-45c91189 - method=GET - path=/me/meals - status=0 - duration=0.00ms
2026-04-02 22:10:27,423 - INFO - Request completed - request_id=1775160627-45c91189 - method=GET - path=/me/meals - status=200 - duration=3.45ms
2026-04-02 22:10:27,424 - INFO - Request started - request_id=1775160627-6a50fc8b - method=GET - path=/me/summary - status=0 - duration=0.00ms
2026-04-02 22:10:27,427 - INFO - Request completed - request_id=1775160627-6a50fc8b - method=GET - path=/me/summary - status=200 - duration=2.88ms
2026-04-02 22:10:27,428 - INFO - Request started - request_id=1775160627-f5781494 - method=PUT - path=/me/meals/1 - status=0 - duration=0.00ms
2026-04-02 22:10:27,433 - INFO - Request completed - request_id=1775160627-f5781494 - method=PUT - path=/me/meals/1 - status=200 - duration=4.41ms
2026-04-02 22:10:27,433 - INFO - Request started - request_id=1775160627-ee80985a - method=POST - path=/me/meals/1/reanalyze - status=0 - duration=0.00ms
2026-04-02 22:10:27,435 - INFO - Request completed - request_id=1775160627-ee80985a - method=POST - path=/me/meals/1/reanalyze - status=400 - duration=1.76ms
2026-04-02 22:10:27,436 - INFO - Request started - request_id=1775160627-bedc67d7 - method=DELETE - path=/me/meals/1 - status=0 - duration=0.00ms
2026-04-02 22:10:27,439 - INFO - Request completed - request_id=1775160627-bedc67d7 - method=DELETE - path=/me/meals/1 - status=204 - duration=2.62ms
2026-04-02 22:10:27,440 - INFO - Request started - request_id=1775160627-e0140d82 - method=GET - path=/me/meals - status=0 - duration=0.00ms
2026-04-02 22:10:27,442 - INFO - Request completed - request_id=1775160627-e0140d82 - method=GET - path=/me/meals - status=200 - duration=2.68ms
2026-04-02 22:10:27,451 - INFO - Request started - request_id=1775160627-fc4bebbd - method=POST - path=/auth/register - status=0 - duration=0.00ms
2026-04-02 22:10:27,654 - INFO - Request completed - request_id=1775160627-fc4bebbd - method=POST - path=/auth/register - status=200 - duration=202.17ms
2026-04-02 22:10:27,655 - INFO - Request started - request_id=1775160627-b0670218 - method=POST - path=/auth/login - status=0 - duration=0.00ms
2026-04-02 22:10:27,847 - INFO - Request completed - request_id=1775160627-b0670218 - method=POST - path=/auth/login - status=200 - duration=192.66ms
2026-04-02 22:10:27,848 - INFO - Request started - request_id=1775160627-338f29a1 - method=POST - path=/me/meals - status=0 - duration=0.00ms
2026-04-02 22:10:27,854 - INFO - Request completed - request_id=1775160627-338f29a1 - method=POST - path=/me/meals - status=200 - duration=5.00ms
2026-04-02 22:10:27,854 - INFO - Request started - request_id=1775160627-390f4825 - method=POST - path=/me/meals/1/reanalyze - status=0 - duration=0.00ms
2026-04-02 22:10:27,858 - INFO - Request completed - request_id=1775160627-390f4825 - method=POST - path=/me/meals/1/reanalyze - status=200 - duration=3.11ms
2026-04-02 22:10:27,865 - INFO - Request started - request_id=1775160627-6cb786cf - method=POST - path=/auth/register - status=0 - duration=0.00ms
2026-04-02 22:10:28,065 - INFO - Request completed - request_id=1775160627-6cb786cf - method=POST - path=/auth/register - status=200 - duration=199.23ms
2026-04-02 22:10:28,065 - INFO - Request started - request_id=1775160628-bb88be1a - method=POST - path=/auth/login - status=0 - duration=0.00ms
2026-04-02 22:10:28,256 - INFO - Request completed - request_id=1775160628-bb88be1a - method=POST - path=/auth/login - status=200 - duration=190.49ms
2026-04-02 22:10:28,257 - INFO - Request started - request_id=1775160628-7ac5e08e - method=POST - path=/auth/register - status=0 - duration=0.00ms
2026-04-02 22:10:28,450 - INFO - Request completed - request_id=1775160628-7ac5e08e - method=POST - path=/auth/register - status=200 - duration=193.11ms
2026-04-02 22:10:28,451 - INFO - Request started - request_id=1775160628-67fda28e - method=POST - path=/auth/login - status=0 - duration=0.00ms
2026-04-02 22:10:28,649 - INFO - Request completed - request_id=1775160628-67fda28e - method=POST - path=/auth/login - status=200 - duration=197.96ms
2026-04-02 22:10:28,650 - INFO - Request started - request_id=1775160628-ec150c77 - method=POST - path=/me/meals/text - status=0 - duration=0.00ms
2026-04-02 22:10:28,654 - INFO - Request completed - request_id=1775160628-ec150c77 - method=POST - path=/me/meals/text - status=200 - duration=3.89ms
2026-04-02 22:10:28,655 - INFO - Request started - request_id=1775160628-a356be78 - method=DELETE - path=/me/meals/1 - status=0 - duration=0.00ms
2026-04-02 22:10:28,657 - INFO - Request completed - request_id=1775160628-a356be78 - method=DELETE - path=/me/meals/1 - status=404 - duration=2.00ms
2026-04-02 22:10:28,666 - INFO - Request started - request_id=1775160628-77b41b86 - method=POST - path=/auth/register - status=0 - duration=0.00ms
2026-04-02 22:10:28,869 - INFO - Request completed - request_id=1775160628-77b41b86 - method=POST - path=/auth/register - status=200 - duration=203.18ms
2026-04-02 22:10:28,870 - INFO - Request started - request_id=1775160628-3c589e45 - method=POST - path=/auth/login - status=0 - duration=0.00ms
2026-04-02 22:10:29,071 - INFO - Request completed - request_id=1775160628-3c589e45 - method=POST - path=/auth/login - status=200 - duration=200.71ms
2026-04-02 22:10:29,072 - INFO - Request started - request_id=1775160629-3dbe3d60 - method=POST - path=/profile - status=0 - duration=0.00ms
2026-04-02 22:10:29,077 - INFO - Request completed - request_id=1775160629-3dbe3d60 - method=POST - path=/profile - status=201 - duration=5.08ms
2026-04-02 22:10:29,078 - INFO - Request started - request_id=1775160629-c11b6549 - method=GET - path=/profile/targets - status=0 - duration=0.00ms
2026-04-02 22:10:29,080 - INFO - Request completed - request_id=1775160629-c11b6549 - method=GET - path=/profile/targets - status=200 - duration=1.71ms
2026-04-02 22:10:29,081 - INFO - Request started - request_id=1775160629-249aee8b - method=PUT - path=/profile - status=0 - duration=0.00ms
2026-04-02 22:10:29,084 - INFO - Request completed - request_id=1775160629-249aee8b - method=PUT - path=/profile - status=200 - duration=2.74ms
2026-04-02 22:10:29,084 - INFO - Request started - request_id=1775160629-335c648f - method=GET - path=/profile/targets - status=0 - duration=0.00ms
2026-04-02 22:10:29,086 - INFO - Request completed - request_id=1775160629-335c648f - method=GET - path=/profile/targets - status=200 - duration=1.47ms
2026-04-02 22:10:29,093 - INFO - Request started - request_id=1775160629-f4bf780d - method=POST - path=/auth/register - status=0 - duration=0.00ms
2026-04-02 22:10:29,285 - INFO - Request completed - request_id=1775160629-f4bf780d - method=POST - path=/auth/register - status=200 - duration=192.05ms
2026-04-02 22:10:29,286 - INFO - Request started - request_id=1775160629-06897479 - method=POST - path=/auth/login - status=0 - duration=0.00ms
2026-04-02 22:10:29,477 - INFO - Request completed - request_id=1775160629-06897479 - method=POST - path=/auth/login - status=200 - duration=190.24ms
2026-04-02 22:10:29,477 - INFO - Request started - request_id=1775160629-56c2b3ea - method=POST - path=/profile - status=0 - duration=0.00ms
2026-04-02 22:10:29,482 - INFO - Request completed - request_id=1775160629-56c2b3ea - method=POST - path=/profile - status=201 - duration=4.40ms
2026-04-02 22:10:29,483 - INFO - Request started - request_id=1775160629-b92c4d37 - method=PUT - path=/profile - status=0 - duration=0.00ms
2026-04-02 22:10:29,485 - INFO - Request completed - request_id=1775160629-b92c4d37 - method=PUT - path=/profile - status=200 - duration=2.21ms
2026-04-02 22:10:29,486 - INFO - Request started - request_id=1775160629-3f6194cc - method=GET - path=/profile/targets - status=0 - duration=0.00ms
2026-04-02 22:10:29,487 - INFO - Request completed - request_id=1775160629-3f6194cc - method=GET - path=/profile/targets - status=200 - duration=1.29ms
